[05Jun2026 06:12:48.144] [main/INFO] [cpw.mods.modlauncher.Launcher/MODLAUNCHER]: ModLauncher running: args [--launchTarget, forgeserveruserdev, --gameDir, ., --fml.forgeVersion, 47.4.20, --fml.mcVersion, 1.20.1, --fml.forgeGroup, net.minecraftforge, --fml.mcpVersion, 20230612.114412, --nogui]
[05Jun2026 06:12:48.149] [main/INFO] [cpw.mods.modlauncher.Launcher/MODLAUNCHER]: ModLauncher 10.0.9+10.0.9+main.dcd20f30 starting: java version 17.0.17 by Eclipse Adoptium; OS Windows 11 arch amd64 version 10.0
[05Jun2026 06:12:48.178] [main/DEBUG] [cpw.mods.modlauncher.LaunchServiceHandler/MODLAUNCHER]: Found launch services [fmlclientdev,forgeclient,minecraft,forgegametestserverdev,fmlserveruserdev,fmlclient,fmldatauserdev,forgeserverdev,forgeserveruserdev,forgeclientdev,forgeclientuserdev,forgeserver,forgedatadev,fmlserver,fmlclientuserdev,fmlserverdev,forgedatauserdev,testharness,forgegametestserveruserdev]
[05Jun2026 06:12:48.190] [main/DEBUG] [cpw.mods.modlauncher.NameMappingServiceHandler/MODLAUNCHER]: Found naming services : [srgtomcp]
[05Jun2026 06:12:48.207] [main/DEBUG] [cpw.mods.modlauncher.LaunchPluginHandler/MODLAUNCHER]: Found launch plugins: [mixin,eventbus,slf4jfixer,object_holder_definalize,runtime_enum_extender,capability_token_subclass,accesstransformer,runtimedistcleaner]
[05Jun2026 06:12:48.217] [main/DEBUG] [cpw.mods.modlauncher.TransformationServicesHandler/MODLAUNCHER]: Discovering transformation services
[05Jun2026 06:12:48.223] [main/DEBUG] [net.minecraftforge.fml.loading.FMLPaths/CORE]: Path GAMEDIR is C:\Users\El Hadji\Downloads\STAT_MOD\SIHRIYA\run-clean
[05Jun2026 06:12:48.223] [main/DEBUG] [net.minecraftforge.fml.loading.FMLPaths/CORE]: Path MODSDIR is C:\Users\El Hadji\Downloads\STAT_MOD\SIHRIYA\run-clean\mods
[05Jun2026 06:12:48.224] [main/DEBUG] [net.minecraftforge.fml.loading.FMLPaths/CORE]: Path CONFIGDIR is C:\Users\El Hadji\Downloads\STAT_MOD\SIHRIYA\run-clean\config
[05Jun2026 06:12:48.224] [main/DEBUG] [net.minecraftforge.fml.loading.FMLPaths/CORE]: Path FMLCONFIG is C:\Users\El Hadji\Downloads\STAT_MOD\SIHRIYA\run-clean\config\fml.toml
[05Jun2026 06:12:48.268] [main/DEBUG] [cpw.mods.modlauncher.TransformationServicesHandler/MODLAUNCHER]: Found additional transformation services from discovery services: 
[05Jun2026 06:12:48.275] [main/INFO] [net.minecraftforge.fml.loading.ImmediateWindowHandler/]: ImmediateWindowProvider not loading because launch target is forgeserveruserdev
[05Jun2026 06:12:48.285] [main/DEBUG] [cpw.mods.modlauncher.TransformationServicesHandler/MODLAUNCHER]: Found transformer services : [mixin,fml]
[05Jun2026 06:12:48.286] [main/DEBUG] [cpw.mods.modlauncher.TransformationServicesHandler/MODLAUNCHER]: Transformation services loading
[05Jun2026 06:12:48.287] [main/DEBUG] [cpw.mods.modlauncher.TransformationServiceDecorator/MODLAUNCHER]: Loading service mixin
[05Jun2026 06:12:48.287] [main/DEBUG] [cpw.mods.modlauncher.TransformationServiceDecorator/MODLAUNCHER]: Loaded service mixin
[05Jun2026 06:12:48.288] [main/DEBUG] [cpw.mods.modlauncher.TransformationServiceDecorator/MODLAUNCHER]: Loading service fml
[05Jun2026 06:12:48.288] [main/DEBUG] [net.minecraftforge.fml.loading.LauncherVersion/CORE]: Found FMLLauncher version 1.0
[05Jun2026 06:12:48.289] [main/DEBUG] [net.minecraftforge.fml.loading.FMLLoader/CORE]: FML 1.0 loading
[05Jun2026 06:12:48.289] [main/DEBUG] [net.minecraftforge.fml.loading.FMLLoader/CORE]: FML found ModLauncher version : 10.0.9+10.0.9+main.dcd20f30
[05Jun2026 06:12:48.289] [main/DEBUG] [net.minecraftforge.fml.loading.FMLLoader/CORE]: Requesting CoreMods to not apply the fix for ASMAPI.findFirstInstructionBefore by default
[05Jun2026 06:12:48.290] [main/DEBUG] [net.minecraftforge.fml.loading.FMLLoader/CORE]: FML found AccessTransformer version : 8.0.4+66+master.c09db6d7
[05Jun2026 06:12:48.291] [main/DEBUG] [net.minecraftforge.fml.loading.FMLLoader/CORE]: FML found EventBus version : 6.2.33
[05Jun2026 06:12:48.291] [main/DEBUG] [net.minecraftforge.fml.loading.FMLLoader/CORE]: Found Runtime Dist Cleaner
[05Jun2026 06:12:48.293] [main/DEBUG] [net.minecraftforge.coremod.CoreModEngine/]: CoreMods will preserve legacy behavior of ASMAPI.findFirstInstructionBefore for backwards-compatibility
[05Jun2026 06:12:48.294] [main/DEBUG] [net.minecraftforge.fml.loading.FMLLoader/CORE]: FML found CoreMod version : 5.2.4
[05Jun2026 06:12:48.294] [main/DEBUG] [net.minecraftforge.fml.loading.FMLLoader/CORE]: Found ForgeSPI package implementation version 7.0.1+7.0.1+master.d2b38bf6
[05Jun2026 06:12:48.295] [main/DEBUG] [net.minecraftforge.fml.loading.FMLLoader/CORE]: Found ForgeSPI package specification 5
[05Jun2026 06:12:48.295] [main/DEBUG] [cpw.mods.modlauncher.TransformationServiceDecorator/MODLAUNCHER]: Loaded service fml
[05Jun2026 06:12:48.296] [main/DEBUG] [cpw.mods.modlauncher.TransformationServicesHandler/MODLAUNCHER]: Configuring option handling for services
[05Jun2026 06:12:48.301] [main/DEBUG] [cpw.mods.modlauncher.TransformationServicesHandler/MODLAUNCHER]: Transformation services initializing
[05Jun2026 06:12:48.301] [main/DEBUG] [cpw.mods.modlauncher.TransformationServiceDecorator/MODLAUNCHER]: Initializing transformation service mixin
[05Jun2026 06:12:48.316] [main/DEBUG] [mixin/]: MixinService [ModLauncher] was successfully booted in cpw.mods.cl.ModuleClassLoader@1622f1b
[05Jun2026 06:12:48.331] [main/INFO] [mixin/]: SpongePowered MIXIN Subsystem Version=0.8.5 Source=union:/C:/Users/El%20Hadji/.gradle/caches/modules-2/files-2.1/org.spongepowered/mixin/0.8.5/9d1c0c3a304ae6697ecd477218fa61b850bf57fc/mixin-0.8.5.jar%23128!/ Service=ModLauncher Env=SERVER
[05Jun2026 06:12:48.335] [main/DEBUG] [mixin/]: Initialising Mixin Platform Manager
[05Jun2026 06:12:48.336] [main/DEBUG] [mixin/]: Adding mixin platform agents for container ModLauncher Root Container(ModLauncher:4f56a0a2)
[05Jun2026 06:12:48.337] [main/DEBUG] [mixin/]: Instancing new MixinPlatformAgentMinecraftForge for ModLauncher Root Container(ModLauncher:4f56a0a2)
[05Jun2026 06:12:48.337] [main/DEBUG] [mixin/]: MixinPlatformAgentMinecraftForge rejected container ModLauncher Root Container(ModLauncher:4f56a0a2)
[05Jun2026 06:12:48.338] [main/DEBUG] [mixin/]: Instancing new MixinPlatformAgentDefault for ModLauncher Root Container(ModLauncher:4f56a0a2)
[05Jun2026 06:12:48.339] [main/DEBUG] [mixin/]: MixinPlatformAgentDefault accepted container ModLauncher Root Container(ModLauncher:4f56a0a2)
[05Jun2026 06:12:48.341] [main/DEBUG] [cpw.mods.modlauncher.TransformationServiceDecorator/MODLAUNCHER]: Initialized transformation service mixin
[05Jun2026 06:12:48.341] [main/DEBUG] [cpw.mods.modlauncher.TransformationServiceDecorator/MODLAUNCHER]: Initializing transformation service fml
[05Jun2026 06:12:48.341] [main/DEBUG] [net.minecraftforge.fml.loading.FMLServiceProvider/CORE]: Setting up basic FML game directories
[05Jun2026 06:12:48.342] [main/DEBUG] [net.minecraftforge.fml.loading.FMLPaths/CORE]: Path GAMEDIR is C:\Users\El Hadji\Downloads\STAT_MOD\SIHRIYA\run-clean
[05Jun2026 06:12:48.342] [main/DEBUG] [net.minecraftforge.fml.loading.FMLPaths/CORE]: Path MODSDIR is C:\Users\El Hadji\Downloads\STAT_MOD\SIHRIYA\run-clean\mods
[05Jun2026 06:12:48.343] [main/DEBUG] [net.minecraftforge.fml.loading.FMLPaths/CORE]: Path CONFIGDIR is C:\Users\El Hadji\Downloads\STAT_MOD\SIHRIYA\run-clean\config
[05Jun2026 06:12:48.343] [main/DEBUG] [net.minecraftforge.fml.loading.FMLPaths/CORE]: Path FMLCONFIG is C:\Users\El Hadji\Downloads\STAT_MOD\SIHRIYA\run-clean\config\fml.toml
[05Jun2026 06:12:48.343] [main/DEBUG] [net.minecraftforge.fml.loading.FMLServiceProvider/CORE]: Loading configuration
[05Jun2026 06:12:48.346] [main/DEBUG] [net.minecraftforge.fml.loading.FMLServiceProvider/CORE]: Preparing ModFile
[05Jun2026 06:12:48.351] [main/DEBUG] [net.minecraftforge.fml.loading.FMLServiceProvider/CORE]: Preparing launch handler
[05Jun2026 06:12:48.351] [main/DEBUG] [net.minecraftforge.fml.loading.FMLLoader/CORE]: Using forgeserveruserdev as launch service
[05Jun2026 06:12:48.363] [main/DEBUG] [net.minecraftforge.fml.loading.FMLLoader/CORE]: Received command line version data  : VersionInfo[forgeVersion=47.4.20, mcVersion=1.20.1, mcpVersion=20230612.114412, forgeGroup=net.minecraftforge]
[05Jun2026 06:12:48.365] [main/DEBUG] [cpw.mods.modlauncher.TransformationServiceDecorator/MODLAUNCHER]: Initialized transformation service fml
[05Jun2026 06:12:48.365] [main/DEBUG] [cpw.mods.modlauncher.NameMappingServiceHandler/MODLAUNCHER]: Current naming domain is 'mcp'
[05Jun2026 06:12:48.367] [main/DEBUG] [cpw.mods.modlauncher.NameMappingServiceHandler/MODLAUNCHER]: Identified name mapping providers {srg=srgtomcp:1234}
[05Jun2026 06:12:48.367] [main/DEBUG] [cpw.mods.modlauncher.TransformationServicesHandler/MODLAUNCHER]: Transformation services begin scanning
[05Jun2026 06:12:48.368] [main/DEBUG] [cpw.mods.modlauncher.TransformationServiceDecorator/MODLAUNCHER]: Beginning scan trigger - transformation service mixin
[05Jun2026 06:12:48.368] [main/DEBUG] [cpw.mods.modlauncher.TransformationServiceDecorator/MODLAUNCHER]: End scan trigger - transformation service mixin
[05Jun2026 06:12:48.368] [main/DEBUG] [cpw.mods.modlauncher.TransformationServiceDecorator/MODLAUNCHER]: Beginning scan trigger - transformation service fml
[05Jun2026 06:12:48.368] [main/DEBUG] [net.minecraftforge.fml.loading.FMLServiceProvider/CORE]: Initiating mod scan
[05Jun2026 06:12:48.391] [main/DEBUG] [net.minecraftforge.fml.loading.moddiscovery.ModListHandler/CORE]: Found mod coordinates from lists: []
[05Jun2026 06:12:48.394] [main/DEBUG] [net.minecraftforge.fml.loading.moddiscovery.ModDiscoverer/CORE]: Found Mod Locators : (mods folder:null),(maven libs:null),(exploded directory:null),(minecraft:null),(userdev classpath:null)
[05Jun2026 06:12:48.395] [main/DEBUG] [net.minecraftforge.fml.loading.moddiscovery.ModDiscoverer/CORE]: Found Dependency Locators : (JarInJar:null)
[05Jun2026 06:12:48.405] [main/DEBUG] [net.minecraftforge.fml.loading.targets.CommonLaunchHandler/CORE]: Got mod coordinates sihriya%%C:\Users\El Hadji\Downloads\STAT_MOD\SIHRIYA\build\resources\main;sihriya%%C:\Users\El Hadji\Downloads\STAT_MOD\SIHRIYA\build\classes\java\main from env
[05Jun2026 06:12:48.406] [main/DEBUG] [net.minecraftforge.fml.loading.targets.CommonLaunchHandler/CORE]: Found supplied mod coordinates [{sihriya=[C:\Users\El Hadji\Downloads\STAT_MOD\SIHRIYA\build\resources\main, C:\Users\El Hadji\Downloads\STAT_MOD\SIHRIYA\build\classes\java\main]}]
[05Jun2026 06:12:48.588] [main/DEBUG] [net.minecraftforge.fml.loading.moddiscovery.ModFileInfo/LOADING]: Found valid mod file forge-1.20.1-47.4.20_mapped_parchment_2023.09.03-1.20.1.jar with {minecraft} mods - versions {1.20.1}
[05Jun2026 06:12:48.593] [main/DEBUG] [net.minecraftforge.fml.loading.moddiscovery.ModFileParser/LOADING]: Considering mod file candidate C:\Users\El Hadji\.gradle\caches\modules-2\files-2.1\net.minecraftforge\javafmllanguage\1.20.1-47.4.20\c354b21002937b393c4f86163a98dccdf1d51e72\javafmllanguage-1.20.1-47.4.20.jar
[05Jun2026 06:12:48.593] [main/WARN] [net.minecraftforge.fml.loading.moddiscovery.ModFileParser/LOADING]: Mod file C:\Users\El Hadji\.gradle\caches\modules-2\files-2.1\net.minecraftforge\javafmllanguage\1.20.1-47.4.20\c354b21002937b393c4f86163a98dccdf1d51e72\javafmllanguage-1.20.1-47.4.20.jar is missing mods.toml file
[05Jun2026 06:12:48.596] [main/DEBUG] [net.minecraftforge.fml.loading.moddiscovery.ModFileParser/LOADING]: Considering mod file candidate C:\Users\El Hadji\.gradle\caches\modules-2\files-2.1\net.minecraftforge\lowcodelanguage\1.20.1-47.4.20\865d75f8c18329ddb31db5856701ab86609108b5\lowcodelanguage-1.20.1-47.4.20.jar
[05Jun2026 06:12:48.596] [main/WARN] [net.minecraftforge.fml.loading.moddiscovery.ModFileParser/LOADING]: Mod file C:\Users\El Hadji\.gradle\caches\modules-2\files-2.1\net.minecraftforge\lowcodelanguage\1.20.1-47.4.20\865d75f8c18329ddb31db5856701ab86609108b5\lowcodelanguage-1.20.1-47.4.20.jar is missing mods.toml file
[05Jun2026 06:12:48.600] [main/DEBUG] [net.minecraftforge.fml.loading.moddiscovery.ModFileParser/LOADING]: Considering mod file candidate C:\Users\El Hadji\.gradle\caches\modules-2\files-2.1\net.minecraftforge\mclanguage\1.20.1-47.4.20\af599930362212ae937e392709f49047e6abbbf\mclanguage-1.20.1-47.4.20.jar
[05Jun2026 06:12:48.600] [main/WARN] [net.minecraftforge.fml.loading.moddiscovery.ModFileParser/LOADING]: Mod file C:\Users\El Hadji\.gradle\caches\modules-2\files-2.1\net.minecraftforge\mclanguage\1.20.1-47.4.20\af599930362212ae937e392709f49047e6abbbf\mclanguage-1.20.1-47.4.20.jar is missing mods.toml file
[05Jun2026 06:12:48.603] [main/DEBUG] [net.minecraftforge.fml.loading.moddiscovery.ModFileParser/LOADING]: Considering mod file candidate C:\Users\El Hadji\.gradle\caches\modules-2\files-2.1\net.minecraftforge\fmlcore\1.20.1-47.4.20\e8cc697c69f3911e76caa2f005d9486597cd7448\fmlcore-1.20.1-47.4.20.jar
[05Jun2026 06:12:48.603] [main/WARN] [net.minecraftforge.fml.loading.moddiscovery.ModFileParser/LOADING]: Mod file C:\Users\El Hadji\.gradle\caches\modules-2\files-2.1\net.minecraftforge\fmlcore\1.20.1-47.4.20\e8cc697c69f3911e76caa2f005d9486597cd7448\fmlcore-1.20.1-47.4.20.jar is missing mods.toml file
[05Jun2026 06:12:48.607] [main/DEBUG] [net.minecraftforge.fml.loading.moddiscovery.ModFileParser/LOADING]: Considering mod file candidate C:\Users\El Hadji\Downloads\STAT_MOD\SIHRIYA\build\resources\main
[05Jun2026 06:12:48.613] [main/DEBUG] [net.minecraftforge.fml.loading.moddiscovery.ModFileInfo/LOADING]: Found valid mod file main with {sihriya} mods - versions {1.0.0}
[05Jun2026 06:12:48.613] [main/DEBUG] [net.minecraftforge.fml.loading.moddiscovery.ModFileParser/LOADING]: Considering mod file candidate /
[05Jun2026 06:12:48.618] [main/DEBUG] [net.minecraftforge.fml.loading.moddiscovery.ModFileInfo/LOADING]: Found valid mod file  with {forge} mods - versions {47.4.20}
[05Jun2026 06:12:48.634] [main/DEBUG] [net.minecraftforge.fml.loading.moddiscovery.ModFileParser/LOADING]: Considering mod file candidate C:\Users\El Hadji\Downloads\STAT_MOD\STAT_MOD\build\libs\statmod-1.0.0.jar
[05Jun2026 06:12:48.637] [main/DEBUG] [net.minecraftforge.fml.loading.moddiscovery.ModFileInfo/LOADING]: Found valid mod file statmod-1.0.0.jar with {statmod} mods - versions {1.0.0}
[05Jun2026 06:12:48.642] [main/DEBUG] [net.minecraftforge.fml.loading.moddiscovery.ModFileParser/LOADING]: Considering mod file candidate C:\Users\El Hadji\.gradle\caches\forge_gradle\deobf_dependencies\blank\epic-fight-20.14.17-mc1.20.1-forge\20.14.17_mapped_parchment_2023.09.03-1.20.1\epic-fight-20.14.17-mc1.20.1-forge-20.14.17_mapped_parchment_2023.09.03-1.20.1.jar
[05Jun2026 06:12:48.644] [main/DEBUG] [net.minecraftforge.fml.loading.moddiscovery.ModFileInfo/LOADING]: Found valid mod file epic-fight-20.14.17-mc1.20.1-forge-20.14.17_mapped_parchment_2023.09.03-1.20.1.jar with {epicfight} mods - versions {20.14.17}
[05Jun2026 06:12:48.648] [main/DEBUG] [net.minecraftforge.fml.loading.moddiscovery.ModFileParser/LOADING]: Considering mod file candidate C:\Users\El Hadji\.gradle\caches\forge_gradle\deobf_dependencies\blank\epic-fight-invincible-lib-20.14.8.2-mc1.20.1-forge\20.14.8.2_mapped_parchment_2023.09.03-1.20.1\epic-fight-invincible-lib-20.14.8.2-mc1.20.1-forge-20.14.8.2_mapped_parchment_2023.09.03-1.20.1.jar
[05Jun2026 06:12:48.650] [main/DEBUG] [net.minecraftforge.fml.loading.moddiscovery.ModFileInfo/LOADING]: Found valid mod file epic-fight-invincible-lib-20.14.8.2-mc1.20.1-forge-20.14.8.2_mapped_parchment_2023.09.03-1.20.1.jar with {invincible} mods - versions {20.14.8.2}
[05Jun2026 06:12:48.652] [main/DEBUG] [net.minecraftforge.fml.loading.moddiscovery.ModFileParser/LOADING]: Considering mod file candidate C:\Users\El Hadji\Downloads\STAT_MOD\STAT_MOD\build\libs\statmod-1.0.0.jar
[05Jun2026 06:12:48.654] [main/DEBUG] [net.minecraftforge.fml.loading.moddiscovery.ModFileInfo/LOADING]: Found valid mod file statmod-1.0.0.jar with {statmod} mods - versions {1.0.0}
[05Jun2026 06:12:48.657] [main/DEBUG] [net.minecraftforge.fml.loading.moddiscovery.ModFileParser/LOADING]: Considering mod file candidate C:\Users\El Hadji\.gradle\caches\forge_gradle\deobf_dependencies\blank\epic-fight-20.14.17-mc1.20.1-forge\20.14.17_mapped_parchment_2023.09.03-1.20.1\epic-fight-20.14.17-mc1.20.1-forge-20.14.17_mapped_parchment_2023.09.03-1.20.1.jar
[05Jun2026 06:12:48.659] [main/DEBUG] [net.minecraftforge.fml.loading.moddiscovery.ModFileInfo/LOADING]: Found valid mod file epic-fight-20.14.17-mc1.20.1-forge-20.14.17_mapped_parchment_2023.09.03-1.20.1.jar with {epicfight} mods - versions {20.14.17}
[05Jun2026 06:12:48.663] [main/DEBUG] [net.minecraftforge.fml.loading.moddiscovery.ModFileParser/LOADING]: Considering mod file candidate C:\Users\El Hadji\.gradle\caches\forge_gradle\deobf_dependencies\blank\epic-fight-invincible-lib-20.14.8.2-mc1.20.1-forge\20.14.8.2_mapped_parchment_2023.09.03-1.20.1\epic-fight-invincible-lib-20.14.8.2-mc1.20.1-forge-20.14.8.2_mapped_parchment_2023.09.03-1.20.1.jar
[05Jun2026 06:12:48.666] [main/DEBUG] [net.minecraftforge.fml.loading.moddiscovery.ModFileInfo/LOADING]: Found valid mod file epic-fight-invincible-lib-20.14.8.2-mc1.20.1-forge-20.14.8.2_mapped_parchment_2023.09.03-1.20.1.jar with {invincible} mods - versions {20.14.8.2}
[05Jun2026 06:12:48.672] [main/DEBUG] [net.minecraftforge.fml.loading.UniqueModListBuilder/]: Found 2 mods for first modid statmod, selecting most recent based on version data
[05Jun2026 06:12:48.673] [main/DEBUG] [net.minecraftforge.fml.loading.UniqueModListBuilder/]: Selected file statmod-1.0.0.jar for modid statmod with version 1.0.0
[05Jun2026 06:12:48.674] [main/DEBUG] [net.minecraftforge.fml.loading.UniqueModListBuilder/]: Found 2 mods for first modid invincible, selecting most recent based on version data
[05Jun2026 06:12:48.674] [main/DEBUG] [net.minecraftforge.fml.loading.UniqueModListBuilder/]: Selected file epic-fight-invincible-lib-20.14.8.2-mc1.20.1-forge-20.14.8.2_mapped_parchment_2023.09.03-1.20.1.jar for modid invincible with version 20.14.8.2
[05Jun2026 06:12:48.674] [main/DEBUG] [net.minecraftforge.fml.loading.UniqueModListBuilder/]: Found 2 mods for first modid epicfight, selecting most recent based on version data
[05Jun2026 06:12:48.674] [main/DEBUG] [net.minecraftforge.fml.loading.UniqueModListBuilder/]: Selected file epic-fight-20.14.17-mc1.20.1-forge-20.14.17_mapped_parchment_2023.09.03-1.20.1.jar for modid epicfight with version 20.14.17
[05Jun2026 06:12:48.682] [main/DEBUG] [net.minecraftforge.fml.loading.moddiscovery.AbstractJarFileDependencyLocator/]: Failed to load resource META-INF\jarjar\metadata.json from forge-1.20.1-47.4.20_mapped_parchment_2023.09.03-1.20.1.jar, it does not contain dependency information.
[05Jun2026 06:12:48.682] [main/DEBUG] [net.minecraftforge.fml.loading.moddiscovery.AbstractJarFileDependencyLocator/]: Failed to load resource META-INF\jarjar\metadata.json from statmod-1.0.0.jar, it does not contain dependency information.
[05Jun2026 06:12:48.683] [main/DEBUG] [net.minecraftforge.fml.loading.moddiscovery.AbstractJarFileDependencyLocator/]: Failed to load resource META-INF\jarjar\metadata.json from epic-fight-invincible-lib-20.14.8.2-mc1.20.1-forge-20.14.8.2_mapped_parchment_2023.09.03-1.20.1.jar, it does not contain dependency information.
[05Jun2026 06:12:48.683] [main/DEBUG] [net.minecraftforge.fml.loading.moddiscovery.AbstractJarFileDependencyLocator/]: Failed to load resource META-INF\jarjar\metadata.json from , it does not contain dependency information.
[05Jun2026 06:12:48.683] [main/DEBUG] [net.minecraftforge.fml.loading.moddiscovery.AbstractJarFileDependencyLocator/]: Failed to load resource META-INF\jarjar\metadata.json from main, it does not contain dependency information.
[05Jun2026 06:12:48.683] [main/DEBUG] [net.minecraftforge.fml.loading.moddiscovery.AbstractJarFileDependencyLocator/]: Failed to load resource META-INF\jarjar\metadata.json from epic-fight-20.14.17-mc1.20.1-forge-20.14.17_mapped_parchment_2023.09.03-1.20.1.jar, it does not contain dependency information.
[05Jun2026 06:12:48.684] [main/DEBUG] [net.minecraftforge.fml.loading.moddiscovery.AbstractJarFileDependencyLocator/]: Failed to load resource META-INF\jarjar\metadata.json from mclanguage-1.20.1-47.4.20.jar, it does not contain dependency information.
[05Jun2026 06:12:48.684] [main/DEBUG] [net.minecraftforge.fml.loading.moddiscovery.AbstractJarFileDependencyLocator/]: Failed to load resource META-INF\jarjar\metadata.json from javafmllanguage-1.20.1-47.4.20.jar, it does not contain dependency information.
[05Jun2026 06:12:48.684] [main/DEBUG] [net.minecraftforge.fml.loading.moddiscovery.AbstractJarFileDependencyLocator/]: Failed to load resource META-INF\jarjar\metadata.json from fmlcore-1.20.1-47.4.20.jar, it does not contain dependency information.
[05Jun2026 06:12:48.684] [main/DEBUG] [net.minecraftforge.fml.loading.moddiscovery.AbstractJarFileDependencyLocator/]: Failed to load resource META-INF\jarjar\metadata.json from lowcodelanguage-1.20.1-47.4.20.jar, it does not contain dependency information.
[05Jun2026 06:12:48.710] [main/INFO] [net.minecraftforge.fml.loading.moddiscovery.JarInJarDependencyLocator/]: No dependencies to load found. Skipping!
[05Jun2026 06:12:48.712] [main/DEBUG] [net.minecraftforge.fml.loading.moddiscovery.ModFileInfo/LOADING]: Found valid mod file forge-1.20.1-47.4.20_mapped_parchment_2023.09.03-1.20.1.jar with {minecraft} mods - versions {1.20.1}
[05Jun2026 06:12:48.714] [main/DEBUG] [net.minecraftforge.fml.loading.moddiscovery.ModFile/LOADING]: Loading mod file C:\Users\El Hadji\.gradle\caches\forge_gradle\minecraft_user_repo\net\minecraftforge\forge\1.20.1-47.4.20_mapped_parchment_2023.09.03-1.20.1\forge-1.20.1-47.4.20_mapped_parchment_2023.09.03-1.20.1.jar with languages [LanguageSpec[languageName=minecraft, acceptedVersions=1]]
[05Jun2026 06:12:48.715] [main/DEBUG] [net.minecraftforge.fml.loading.moddiscovery.ModFileParser/LOADING]: Considering mod file candidate C:\Users\El Hadji\Downloads\STAT_MOD\STAT_MOD\build\libs\statmod-1.0.0.jar
[05Jun2026 06:12:48.717] [main/DEBUG] [net.minecraftforge.fml.loading.moddiscovery.ModFileInfo/LOADING]: Found valid mod file statmod-1.0.0.jar with {statmod} mods - versions {1.0.0}
[05Jun2026 06:12:48.717] [main/DEBUG] [net.minecraftforge.fml.loading.moddiscovery.ModFile/LOADING]: Loading mod file C:\Users\El Hadji\Downloads\STAT_MOD\STAT_MOD\build\libs\statmod-1.0.0.jar with languages [LanguageSpec[languageName=javafml, acceptedVersions=[47,)]]
[05Jun2026 06:12:48.717] [main/DEBUG] [net.minecraftforge.fml.loading.moddiscovery.ModFileParser/LOADING]: Considering mod file candidate /
[05Jun2026 06:12:48.717] [main/DEBUG] [net.minecraftforge.fml.loading.moddiscovery.ModFileInfo/LOADING]: Found valid mod file  with {forge} mods - versions {47.4.20}
[05Jun2026 06:12:48.718] [main/DEBUG] [net.minecraftforge.fml.loading.moddiscovery.ModFile/LOADING]: Loading mod file / with languages [LanguageSpec[languageName=javafml, acceptedVersions=[24,]]]
[05Jun2026 06:12:48.745] [main/DEBUG] [net.minecraftforge.fml.loading.moddiscovery.ModFileParser/LOADING]: Found coremod field_to_method with Javascript path coremods/field_to_method.js
[05Jun2026 06:12:48.746] [main/DEBUG] [net.minecraftforge.fml.loading.moddiscovery.ModFileParser/LOADING]: Found coremod field_to_instanceof with Javascript path coremods/field_to_instanceof.js
[05Jun2026 06:12:48.746] [main/DEBUG] [net.minecraftforge.fml.loading.moddiscovery.ModFileParser/LOADING]: Found coremod add_bouncer_method with Javascript path coremods/add_bouncer_method.js
[05Jun2026 06:12:48.746] [main/DEBUG] [net.minecraftforge.fml.loading.moddiscovery.ModFileParser/LOADING]: Found coremod method_redirector with Javascript path coremods/method_redirector.js
[05Jun2026 06:12:48.746] [main/DEBUG] [net.minecraftforge.fml.loading.moddiscovery.ModFile/LOADING]: Found coremod coremods/field_to_method.js
[05Jun2026 06:12:48.746] [main/DEBUG] [net.minecraftforge.fml.loading.moddiscovery.ModFile/LOADING]: Found coremod coremods/field_to_instanceof.js
[05Jun2026 06:12:48.746] [main/DEBUG] [net.minecraftforge.fml.loading.moddiscovery.ModFile/LOADING]: Found coremod coremods/add_bouncer_method.js
[05Jun2026 06:12:48.746] [main/DEBUG] [net.minecraftforge.fml.loading.moddiscovery.ModFile/LOADING]: Found coremod coremods/method_redirector.js
[05Jun2026 06:12:48.746] [main/DEBUG] [net.minecraftforge.fml.loading.moddiscovery.ModFileParser/LOADING]: Considering mod file candidate C:\Users\El Hadji\.gradle\caches\forge_gradle\deobf_dependencies\blank\epic-fight-invincible-lib-20.14.8.2-mc1.20.1-forge\20.14.8.2_mapped_parchment_2023.09.03-1.20.1\epic-fight-invincible-lib-20.14.8.2-mc1.20.1-forge-20.14.8.2_mapped_parchment_2023.09.03-1.20.1.jar
[05Jun2026 06:12:48.747] [main/DEBUG] [net.minecraftforge.fml.loading.moddiscovery.ModFileInfo/LOADING]: Found valid mod file epic-fight-invincible-lib-20.14.8.2-mc1.20.1-forge-20.14.8.2_mapped_parchment_2023.09.03-1.20.1.jar with {invincible} mods - versions {20.14.8.2}
[05Jun2026 06:12:48.748] [main/DEBUG] [net.minecraftforge.fml.loading.moddiscovery.ModFile/LOADING]: Loading mod file C:\Users\El Hadji\.gradle\caches\forge_gradle\deobf_dependencies\blank\epic-fight-invincible-lib-20.14.8.2-mc1.20.1-forge\20.14.8.2_mapped_parchment_2023.09.03-1.20.1\epic-fight-invincible-lib-20.14.8.2-mc1.20.1-forge-20.14.8.2_mapped_parchment_2023.09.03-1.20.1.jar with languages [LanguageSpec[languageName=javafml, acceptedVersions=[47,)]]
[05Jun2026 06:12:48.748] [main/DEBUG] [net.minecraftforge.fml.loading.moddiscovery.ModFileParser/LOADING]: Considering mod file candidate C:\Users\El Hadji\Downloads\STAT_MOD\SIHRIYA\build\resources\main
[05Jun2026 06:12:48.750] [main/DEBUG] [net.minecraftforge.fml.loading.moddiscovery.ModFileInfo/LOADING]: Found valid mod file main with {sihriya} mods - versions {1.0.0}
[05Jun2026 06:12:48.750] [main/DEBUG] [net.minecraftforge.fml.loading.moddiscovery.ModFile/LOADING]: Loading mod file C:\Users\El Hadji\Downloads\STAT_MOD\SIHRIYA\build\resources\main with languages [LanguageSpec[languageName=javafml, acceptedVersions=[47,)]]
[05Jun2026 06:12:48.750] [main/DEBUG] [net.minecraftforge.fml.loading.moddiscovery.ModFileParser/LOADING]: Considering mod file candidate C:\Users\El Hadji\.gradle\caches\forge_gradle\deobf_dependencies\blank\epic-fight-20.14.17-mc1.20.1-forge\20.14.17_mapped_parchment_2023.09.03-1.20.1\epic-fight-20.14.17-mc1.20.1-forge-20.14.17_mapped_parchment_2023.09.03-1.20.1.jar
[05Jun2026 06:12:48.751] [main/DEBUG] [net.minecraftforge.fml.loading.moddiscovery.ModFileInfo/LOADING]: Found valid mod file epic-fight-20.14.17-mc1.20.1-forge-20.14.17_mapped_parchment_2023.09.03-1.20.1.jar with {epicfight} mods - versions {20.14.17}
[05Jun2026 06:12:48.751] [main/DEBUG] [net.minecraftforge.fml.loading.moddiscovery.ModFile/LOADING]: Loading mod file C:\Users\El Hadji\.gradle\caches\forge_gradle\deobf_dependencies\blank\epic-fight-20.14.17-mc1.20.1-forge\20.14.17_mapped_parchment_2023.09.03-1.20.1\epic-fight-20.14.17-mc1.20.1-forge-20.14.17_mapped_parchment_2023.09.03-1.20.1.jar with languages [LanguageSpec[languageName=javafml, acceptedVersions=[47,)]]
[05Jun2026 06:12:48.752] [main/DEBUG] [cpw.mods.modlauncher.TransformationServiceDecorator/MODLAUNCHER]: End scan trigger - transformation service fml
[05Jun2026 06:12:48.760] [main/DEBUG] [net.minecraftforge.fml.loading.LanguageLoadingProvider/CORE]: Found 3 language providers
[05Jun2026 06:12:48.761] [main/DEBUG] [net.minecraftforge.fml.loading.LanguageLoadingProvider/CORE]: Found language provider minecraft, version 1.0
[05Jun2026 06:12:48.762] [main/DEBUG] [net.minecraftforge.fml.loading.LanguageLoadingProvider/CORE]: Found language provider lowcodefml, version 47
[05Jun2026 06:12:48.762] [main/DEBUG] [net.minecraftforge.fml.loading.LanguageLoadingProvider/CORE]: Found language provider javafml, version 47
[05Jun2026 06:12:48.765] [main/DEBUG] [net.minecraftforge.fml.loading.ModSorter/]: Configured system mods: [minecraft, forge]
[05Jun2026 06:12:48.766] [main/DEBUG] [net.minecraftforge.fml.loading.ModSorter/]: Found system mod: minecraft
[05Jun2026 06:12:48.766] [main/DEBUG] [net.minecraftforge.fml.loading.ModSorter/]: Found system mod: forge
[05Jun2026 06:12:48.769] [main/DEBUG] [net.minecraftforge.fml.loading.ModSorter/LOADING]: Found 20 mod requirements (12 mandatory, 8 optional)
[05Jun2026 06:12:48.769] [main/DEBUG] [net.minecraftforge.fml.loading.ModSorter/LOADING]: Found 0 mod requirements missing (0 mandatory, 0 optional)
[05Jun2026 06:12:49.142] [main/DEBUG] [net.minecraftforge.fml.loading.MCPNamingService/CORE]: Loaded 34318 method mappings from methods.csv
[05Jun2026 06:12:49.170] [main/DEBUG] [net.minecraftforge.fml.loading.MCPNamingService/CORE]: Loaded 31014 field mappings from fields.csv
[05Jun2026 06:12:49.222] [main/DEBUG] [cpw.mods.modlauncher.TransformationServicesHandler/MODLAUNCHER]: Transformation services loading transformers
[05Jun2026 06:12:49.222] [main/DEBUG] [cpw.mods.modlauncher.TransformationServiceDecorator/MODLAUNCHER]: Initializing transformers for transformation service mixin
[05Jun2026 06:12:49.223] [main/DEBUG] [cpw.mods.modlauncher.TransformationServiceDecorator/MODLAUNCHER]: Initialized transformers for transformation service mixin
[05Jun2026 06:12:49.223] [main/DEBUG] [cpw.mods.modlauncher.TransformationServiceDecorator/MODLAUNCHER]: Initializing transformers for transformation service fml
[05Jun2026 06:12:49.223] [main/DEBUG] [net.minecraftforge.fml.loading.FMLServiceProvider/CORE]: Loading coremod transformers
[05Jun2026 06:12:49.223] [main/DEBUG] [net.minecraftforge.coremod.CoreModEngine/COREMOD]: Loading CoreMod from coremods/field_to_method.js
[05Jun2026 06:12:49.387] [main/DEBUG] [net.minecraftforge.coremod.CoreModEngine/COREMOD]: CoreMod loaded successfully
[05Jun2026 06:12:49.387] [main/DEBUG] [net.minecraftforge.coremod.CoreModEngine/COREMOD]: Loading CoreMod from coremods/field_to_instanceof.js
[05Jun2026 06:12:49.447] [main/DEBUG] [net.minecraftforge.coremod.CoreModEngine/COREMOD]: CoreMod loaded successfully
[05Jun2026 06:12:49.447] [main/DEBUG] [net.minecraftforge.coremod.CoreModEngine/COREMOD]: Loading CoreMod from coremods/add_bouncer_method.js
[05Jun2026 06:12:49.483] [main/DEBUG] [net.minecraftforge.coremod.CoreModEngine/COREMOD]: CoreMod loaded successfully
[05Jun2026 06:12:49.483] [main/DEBUG] [net.minecraftforge.coremod.CoreModEngine/COREMOD]: Loading CoreMod from coremods/method_redirector.js
[05Jun2026 06:12:49.536] [main/DEBUG] [net.minecraftforge.coremod.CoreModEngine/COREMOD]: CoreMod loaded successfully
[05Jun2026 06:12:49.552] [main/DEBUG] [cpw.mods.modlauncher.TransformStore/MODLAUNCHER]: Adding transformer net.minecraftforge.coremod.transformer.CoreModClassTransformer@41a374be to Target : CLASS {Lnet/minecraft/world/level/biome/Biome;} {} {V}
[05Jun2026 06:12:49.554] [main/DEBUG] [cpw.mods.modlauncher.TransformStore/MODLAUNCHER]: Adding transformer net.minecraftforge.coremod.transformer.CoreModClassTransformer@3119cf6f to Target : CLASS {Lnet/minecraft/world/level/levelgen/structure/Structure;} {} {V}
[05Jun2026 06:12:49.554] [main/DEBUG] [cpw.mods.modlauncher.TransformStore/MODLAUNCHER]: Adding transformer net.minecraftforge.coremod.transformer.CoreModClassTransformer@6dc9da2d to Target : CLASS {Lnet/minecraft/world/effect/MobEffectInstance;} {} {V}
[05Jun2026 06:12:49.554] [main/DEBUG] [cpw.mods.modlauncher.TransformStore/MODLAUNCHER]: Adding transformer net.minecraftforge.coremod.transformer.CoreModClassTransformer@1d408060 to Target : CLASS {Lnet/minecraft/world/level/block/LiquidBlock;} {} {V}
[05Jun2026 06:12:49.555] [main/DEBUG] [cpw.mods.modlauncher.TransformStore/MODLAUNCHER]: Adding transformer net.minecraftforge.coremod.transformer.CoreModClassTransformer@68a78f3c to Target : CLASS {Lnet/minecraft/world/item/BucketItem;} {} {V}
[05Jun2026 06:12:49.555] [main/DEBUG] [cpw.mods.modlauncher.TransformStore/MODLAUNCHER]: Adding transformer net.minecraftforge.coremod.transformer.CoreModClassTransformer@17ba57f0 to Target : CLASS {Lnet/minecraft/world/level/block/StairBlock;} {} {V}
[05Jun2026 06:12:49.555] [main/DEBUG] [cpw.mods.modlauncher.TransformStore/MODLAUNCHER]: Adding transformer net.minecraftforge.coremod.transformer.CoreModClassTransformer@3481ff98 to Target : CLASS {Lnet/minecraft/world/level/block/FlowerPotBlock;} {} {V}
[05Jun2026 06:12:49.555] [main/DEBUG] [cpw.mods.modlauncher.TransformStore/MODLAUNCHER]: Adding transformer net.minecraftforge.coremod.transformer.CoreModClassTransformer@2ddb3ae8 to Target : CLASS {Lnet/minecraft/world/item/ItemStack;} {} {V}
[05Jun2026 06:12:49.555] [main/DEBUG] [cpw.mods.modlauncher.TransformStore/MODLAUNCHER]: Adding transformer net.minecraftforge.coremod.transformer.CoreModClassTransformer@79518e00 to Target : CLASS {Lnet/minecraft/network/play/client/CClientSettingsPacket;} {} {V}
[05Jun2026 06:12:49.555] [main/DEBUG] [cpw.mods.modlauncher.TransformStore/MODLAUNCHER]: Adding transformer net.minecraftforge.coremod.transformer.CoreModClassTransformer@3c91530d to Target : CLASS {Lnet/minecraft/world/entity/animal/horse/SkeletonTrapGoal;} {} {V}
[05Jun2026 06:12:49.556] [main/DEBUG] [cpw.mods.modlauncher.TransformStore/MODLAUNCHER]: Adding transformer net.minecraftforge.coremod.transformer.CoreModClassTransformer@3c91530d to Target : CLASS {Lnet/minecraft/world/entity/monster/ZombieVillager;} {} {V}
[05Jun2026 06:12:49.556] [main/DEBUG] [cpw.mods.modlauncher.TransformStore/MODLAUNCHER]: Adding transformer net.minecraftforge.coremod.transformer.CoreModClassTransformer@3c91530d to Target : CLASS {Lnet/minecraft/server/commands/RaidCommand;} {} {V}
[05Jun2026 06:12:49.556] [main/DEBUG] [cpw.mods.modlauncher.TransformStore/MODLAUNCHER]: Adding transformer net.minecraftforge.coremod.transformer.CoreModClassTransformer@3c91530d to Target : CLASS {Lnet/minecraft/server/commands/SummonCommand;} {} {V}
[05Jun2026 06:12:49.556] [main/DEBUG] [cpw.mods.modlauncher.TransformStore/MODLAUNCHER]: Adding transformer net.minecraftforge.coremod.transformer.CoreModClassTransformer@3c91530d to Target : CLASS {Lnet/minecraft/world/level/levelgen/structure/structures/WoodlandMansionPieces$WoodlandMansionPiece;} {} {V}
[05Jun2026 06:12:49.556] [main/DEBUG] [cpw.mods.modlauncher.TransformStore/MODLAUNCHER]: Adding transformer net.minecraftforge.coremod.transformer.CoreModClassTransformer@3c91530d to Target : CLASS {Lnet/minecraft/world/entity/raid/Raid;} {} {V}
[05Jun2026 06:12:49.556] [main/DEBUG] [cpw.mods.modlauncher.TransformStore/MODLAUNCHER]: Adding transformer net.minecraftforge.coremod.transformer.CoreModClassTransformer@3c91530d to Target : CLASS {Lnet/minecraft/world/entity/ai/village/VillageSiege;} {} {V}
[05Jun2026 06:12:49.556] [main/DEBUG] [cpw.mods.modlauncher.TransformStore/MODLAUNCHER]: Adding transformer net.minecraftforge.coremod.transformer.CoreModClassTransformer@3c91530d to Target : CLASS {Lnet/minecraft/world/entity/monster/Strider;} {} {V}
[05Jun2026 06:12:49.556] [main/DEBUG] [cpw.mods.modlauncher.TransformStore/MODLAUNCHER]: Adding transformer net.minecraftforge.coremod.transformer.CoreModClassTransformer@3c91530d to Target : CLASS {Lnet/minecraft/world/entity/EntityType;} {} {V}
[05Jun2026 06:12:49.557] [main/DEBUG] [cpw.mods.modlauncher.TransformStore/MODLAUNCHER]: Adding transformer net.minecraftforge.coremod.transformer.CoreModClassTransformer@3c91530d to Target : CLASS {Lnet/minecraft/world/level/levelgen/structure/templatesystem/StructureTemplate;} {} {V}
[05Jun2026 06:12:49.557] [main/DEBUG] [cpw.mods.modlauncher.TransformStore/MODLAUNCHER]: Adding transformer net.minecraftforge.coremod.transformer.CoreModClassTransformer@3c91530d to Target : CLASS {Lnet/minecraft/world/entity/animal/frog/Tadpole;} {} {V}
[05Jun2026 06:12:49.557] [main/DEBUG] [cpw.mods.modlauncher.TransformStore/MODLAUNCHER]: Adding transformer net.minecraftforge.coremod.transformer.CoreModClassTransformer@3c91530d to Target : CLASS {Lnet/minecraft/world/entity/monster/Spider;} {} {V}
[05Jun2026 06:12:49.557] [main/DEBUG] [cpw.mods.modlauncher.TransformStore/MODLAUNCHER]: Adding transformer net.minecraftforge.coremod.transformer.CoreModClassTransformer@3c91530d to Target : CLASS {Lnet/minecraft/world/level/levelgen/structure/structures/OceanRuinPieces$OceanRuinPiece;} {} {V}
[05Jun2026 06:12:49.557] [main/DEBUG] [cpw.mods.modlauncher.TransformStore/MODLAUNCHER]: Adding transformer net.minecraftforge.coremod.transformer.CoreModClassTransformer@3c91530d to Target : CLASS {Lnet/minecraft/world/level/levelgen/PhantomSpawner;} {} {V}
[05Jun2026 06:12:49.557] [main/DEBUG] [cpw.mods.modlauncher.TransformStore/MODLAUNCHER]: Adding transformer net.minecraftforge.coremod.transformer.CoreModClassTransformer@3c91530d to Target : CLASS {Lnet/minecraft/world/level/NaturalSpawner;} {} {V}
[05Jun2026 06:12:49.557] [main/DEBUG] [cpw.mods.modlauncher.TransformStore/MODLAUNCHER]: Adding transformer net.minecraftforge.coremod.transformer.CoreModClassTransformer@3c91530d to Target : CLASS {Lnet/minecraft/world/level/levelgen/structure/structures/OceanMonumentPieces$OceanMonumentPiece;} {} {V}
[05Jun2026 06:12:49.557] [main/DEBUG] [cpw.mods.modlauncher.TransformStore/MODLAUNCHER]: Adding transformer net.minecraftforge.coremod.transformer.CoreModClassTransformer@3c91530d to Target : CLASS {Lnet/minecraft/world/entity/monster/Zombie;} {} {V}
[05Jun2026 06:12:49.557] [main/DEBUG] [cpw.mods.modlauncher.TransformStore/MODLAUNCHER]: Adding transformer net.minecraftforge.coremod.transformer.CoreModClassTransformer@3c91530d to Target : CLASS {Lnet/minecraft/world/level/levelgen/PatrolSpawner;} {} {V}
[05Jun2026 06:12:49.558] [main/DEBUG] [cpw.mods.modlauncher.TransformStore/MODLAUNCHER]: Adding transformer net.minecraftforge.coremod.transformer.CoreModClassTransformer@3c91530d to Target : CLASS {Lnet/minecraft/world/entity/npc/Villager;} {} {V}
[05Jun2026 06:12:49.558] [main/DEBUG] [cpw.mods.modlauncher.TransformStore/MODLAUNCHER]: Adding transformer net.minecraftforge.coremod.transformer.CoreModClassTransformer@3c91530d to Target : CLASS {Lnet/minecraft/world/entity/monster/Evoker$EvokerSummonSpellGoal;} {} {V}
[05Jun2026 06:12:49.558] [main/DEBUG] [cpw.mods.modlauncher.TransformStore/MODLAUNCHER]: Adding transformer net.minecraftforge.coremod.transformer.CoreModClassTransformer@3c91530d to Target : CLASS {Lnet/minecraft/world/level/levelgen/structure/structures/SwampHutPiece;} {} {V}
[05Jun2026 06:12:49.558] [main/DEBUG] [cpw.mods.modlauncher.TransformStore/MODLAUNCHER]: Adding transformer net.minecraftforge.coremod.transformer.CoreModClassTransformer@3c91530d to Target : CLASS {Lnet/minecraft/world/entity/npc/CatSpawner;} {} {V}
[05Jun2026 06:12:49.558] [main/DEBUG] [cpw.mods.modlauncher.TransformationServiceDecorator/MODLAUNCHER]: Initialized transformers for transformation service fml
[05Jun2026 06:12:50.201] [main/DEBUG] [mixin/]: Processing prepare() for PlatformAgent[MixinPlatformAgentDefault:ModLauncher Root Container(ModLauncher:4f56a0a2)]
[05Jun2026 06:12:50.203] [main/DEBUG] [mixin/]: Processing launch tasks for PlatformAgent[MixinPlatformAgentDefault:ModLauncher Root Container(ModLauncher:4f56a0a2)]
[05Jun2026 06:12:50.203] [main/DEBUG] [mixin/]: Adding mixin platform agents for container SecureJarResource(minecraft)
[05Jun2026 06:12:50.203] [main/DEBUG] [mixin/]: Instancing new MixinPlatformAgentMinecraftForge for SecureJarResource(minecraft)
[05Jun2026 06:12:50.203] [main/DEBUG] [mixin/]: MixinPlatformAgentMinecraftForge rejected container SecureJarResource(minecraft)
[05Jun2026 06:12:50.203] [main/DEBUG] [mixin/]: Instancing new MixinPlatformAgentDefault for SecureJarResource(minecraft)
[05Jun2026 06:12:50.203] [main/DEBUG] [mixin/]: MixinPlatformAgentDefault accepted container SecureJarResource(minecraft)
[05Jun2026 06:12:50.204] [main/DEBUG] [mixin/]: Processing prepare() for PlatformAgent[MixinPlatformAgentDefault:SecureJarResource(minecraft)]
[05Jun2026 06:12:50.204] [main/DEBUG] [mixin/]: Adding mixin platform agents for container SecureJarResource(statmod)
[05Jun2026 06:12:50.204] [main/DEBUG] [mixin/]: Instancing new MixinPlatformAgentMinecraftForge for SecureJarResource(statmod)
[05Jun2026 06:12:50.204] [main/DEBUG] [mixin/]: MixinPlatformAgentMinecraftForge rejected container SecureJarResource(statmod)
[05Jun2026 06:12:50.204] [main/DEBUG] [mixin/]: Instancing new MixinPlatformAgentDefault for SecureJarResource(statmod)
[05Jun2026 06:12:50.204] [main/DEBUG] [mixin/]: MixinPlatformAgentDefault accepted container SecureJarResource(statmod)
[05Jun2026 06:12:50.204] [main/DEBUG] [mixin/]: Processing prepare() for PlatformAgent[MixinPlatformAgentDefault:SecureJarResource(statmod)]
[05Jun2026 06:12:50.204] [main/DEBUG] [mixin/]: Adding mixin platform agents for container SecureJarResource(invincible)
[05Jun2026 06:12:50.204] [main/DEBUG] [mixin/]: Instancing new MixinPlatformAgentMinecraftForge for SecureJarResource(invincible)
[05Jun2026 06:12:50.205] [main/DEBUG] [mixin/]: MixinPlatformAgentMinecraftForge rejected container SecureJarResource(invincible)
[05Jun2026 06:12:50.205] [main/DEBUG] [mixin/]: Instancing new MixinPlatformAgentDefault for SecureJarResource(invincible)
[05Jun2026 06:12:50.205] [main/DEBUG] [mixin/]: MixinPlatformAgentDefault accepted container SecureJarResource(invincible)
[05Jun2026 06:12:50.205] [main/DEBUG] [mixin/]: Processing prepare() for PlatformAgent[MixinPlatformAgentDefault:SecureJarResource(invincible)]
[05Jun2026 06:12:50.205] [main/DEBUG] [mixin/]: Registering mixin config: invincible.mixins.json
[05Jun2026 06:12:50.220] [main/DEBUG] [mixin/]: Compatibility level JAVA_17 specified by invincible.mixins.json is higher than the maximum level supported by this version of mixin (JAVA_13).
[05Jun2026 06:12:50.223] [main/INFO] [mixin/]: Compatibility level set to JAVA_17
[05Jun2026 06:12:50.224] [main/DEBUG] [mixin/]: Adding mixin platform agents for container SecureJarResource(forge)
[05Jun2026 06:12:50.224] [main/DEBUG] [mixin/]: Instancing new MixinPlatformAgentMinecraftForge for SecureJarResource(forge)
[05Jun2026 06:12:50.224] [main/DEBUG] [mixin/]: MixinPlatformAgentMinecraftForge rejected container SecureJarResource(forge)
[05Jun2026 06:12:50.224] [main/DEBUG] [mixin/]: Instancing new MixinPlatformAgentDefault for SecureJarResource(forge)
[05Jun2026 06:12:50.224] [main/DEBUG] [mixin/]: MixinPlatformAgentDefault accepted container SecureJarResource(forge)
[05Jun2026 06:12:50.224] [main/DEBUG] [mixin/]: Processing prepare() for PlatformAgent[MixinPlatformAgentDefault:SecureJarResource(forge)]
[05Jun2026 06:12:50.224] [main/DEBUG] [mixin/]: Adding mixin platform agents for container SecureJarResource(sihriya)
[05Jun2026 06:12:50.224] [main/DEBUG] [mixin/]: Instancing new MixinPlatformAgentMinecraftForge for SecureJarResource(sihriya)
[05Jun2026 06:12:50.224] [main/DEBUG] [mixin/]: MixinPlatformAgentMinecraftForge rejected container SecureJarResource(sihriya)
[05Jun2026 06:12:50.225] [main/DEBUG] [mixin/]: Instancing new MixinPlatformAgentDefault for SecureJarResource(sihriya)
[05Jun2026 06:12:50.225] [main/DEBUG] [mixin/]: MixinPlatformAgentDefault accepted container SecureJarResource(sihriya)
[05Jun2026 06:12:50.225] [main/DEBUG] [mixin/]: Processing prepare() for PlatformAgent[MixinPlatformAgentDefault:SecureJarResource(sihriya)]
[05Jun2026 06:12:50.225] [main/DEBUG] [mixin/]: Adding mixin platform agents for container SecureJarResource(epicfight)
[05Jun2026 06:12:50.225] [main/DEBUG] [mixin/]: Instancing new MixinPlatformAgentMinecraftForge for SecureJarResource(epicfight)
[05Jun2026 06:12:50.225] [main/DEBUG] [mixin/]: MixinPlatformAgentMinecraftForge rejected container SecureJarResource(epicfight)
[05Jun2026 06:12:50.225] [main/DEBUG] [mixin/]: Instancing new MixinPlatformAgentDefault for SecureJarResource(epicfight)
[05Jun2026 06:12:50.225] [main/DEBUG] [mixin/]: MixinPlatformAgentDefault accepted container SecureJarResource(epicfight)
[05Jun2026 06:12:50.225] [main/DEBUG] [mixin/]: Processing prepare() for PlatformAgent[MixinPlatformAgentDefault:SecureJarResource(epicfight)]
[05Jun2026 06:12:50.225] [main/DEBUG] [mixin/]: Registering mixin config: mixins.epicfight.json
[05Jun2026 06:12:50.228] [main/DEBUG] [mixin/]: inject() running with 7 agents
[05Jun2026 06:12:50.228] [main/DEBUG] [mixin/]: Processing inject() for PlatformAgent[MixinPlatformAgentDefault:ModLauncher Root Container(ModLauncher:4f56a0a2)]
[05Jun2026 06:12:50.228] [main/DEBUG] [mixin/]: Processing inject() for PlatformAgent[MixinPlatformAgentDefault:SecureJarResource(minecraft)]
[05Jun2026 06:12:50.228] [main/DEBUG] [mixin/]: Processing inject() for PlatformAgent[MixinPlatformAgentDefault:SecureJarResource(statmod)]
[05Jun2026 06:12:50.228] [main/DEBUG] [mixin/]: Processing inject() for PlatformAgent[MixinPlatformAgentDefault:SecureJarResource(invincible)]
[05Jun2026 06:12:50.229] [main/DEBUG] [mixin/]: Processing inject() for PlatformAgent[MixinPlatformAgentDefault:SecureJarResource(forge)]
[05Jun2026 06:12:50.229] [main/DEBUG] [mixin/]: Processing inject() for PlatformAgent[MixinPlatformAgentDefault:SecureJarResource(sihriya)]
[05Jun2026 06:12:50.229] [main/DEBUG] [mixin/]: Processing inject() for PlatformAgent[MixinPlatformAgentDefault:SecureJarResource(epicfight)]
[05Jun2026 06:12:50.229] [main/INFO] [cpw.mods.modlauncher.LaunchServiceHandler/MODLAUNCHER]: Launching target 'forgeserveruserdev' with arguments [--gameDir, ., --nogui]
[05Jun2026 06:12:50.287] [main/DEBUG] [mixin/]: Error cleaning class output directory: .mixin.out
[05Jun2026 06:12:50.289] [main/DEBUG] [mixin/]: Preparing mixins for MixinEnvironment[DEFAULT]
[05Jun2026 06:12:50.289] [main/DEBUG] [mixin/]: Selecting config invincible.mixins.json
[05Jun2026 06:12:50.551] [main/INFO] [mixin/]: Remapping refMap invincible.mixin-refmap.json using C:\Users\El Hadji\Downloads\STAT_MOD\SIHRIYA/build/createSrgToMcp/output.srg
[05Jun2026 06:12:50.551] [main/DEBUG] [mixin/]: Selecting config mixins.epicfight.json
[05Jun2026 06:12:50.553] [main/INFO] [mixin/]: Remapping refMap mixins.epicfight.refmap.json using C:\Users\El Hadji\Downloads\STAT_MOD\SIHRIYA/build/createSrgToMcp/output.srg
[05Jun2026 06:12:50.553] [main/DEBUG] [mixin/]: Preparing invincible.mixins.json (8)
[05Jun2026 06:12:50.624] [main/DEBUG] [mixin/]: Preparing mixins.epicfight.json (39)
[05Jun2026 06:12:50.734] [main/DEBUG] [mixin/]: Registering new injector for @Inject with org.spongepowered.asm.mixin.injection.struct.CallbackInjectionInfo
[05Jun2026 06:12:50.737] [main/DEBUG] [mixin/]: Registering new injector for @ModifyArg with org.spongepowered.asm.mixin.injection.struct.ModifyArgInjectionInfo
[05Jun2026 06:12:50.738] [main/DEBUG] [mixin/]: Registering new injector for @ModifyArgs with org.spongepowered.asm.mixin.injection.struct.ModifyArgsInjectionInfo
[05Jun2026 06:12:50.740] [main/DEBUG] [mixin/]: Registering new injector for @Redirect with org.spongepowered.asm.mixin.injection.struct.RedirectInjectionInfo
[05Jun2026 06:12:50.743] [main/DEBUG] [mixin/]: Registering new injector for @ModifyVariable with org.spongepowered.asm.mixin.injection.struct.ModifyVariableInjectionInfo
[05Jun2026 06:12:50.745] [main/DEBUG] [mixin/]: Registering new injector for @ModifyConstant with org.spongepowered.asm.mixin.injection.struct.ModifyConstantInjectionInfo
[05Jun2026 06:12:50.761] [main/DEBUG] [mixin/]: Prepared 20 mixins in 0.471 sec (23.6ms avg) (0ms load, 0ms transform, 0ms plugin)
[05Jun2026 06:12:50.880] [main/DEBUG] [io.netty.util.internal.logging.InternalLoggerFactory/]: Using SLF4J as the default logging framework
[05Jun2026 06:12:50.884] [main/DEBUG] [io.netty.util.ResourceLeakDetector/]: -Dio.netty.leakDetection.level: simple
[05Jun2026 06:12:50.885] [main/DEBUG] [io.netty.util.ResourceLeakDetector/]: -Dio.netty.leakDetection.targetRecords: 4
[05Jun2026 06:12:51.059] [main/DEBUG] [oshi.util.FileUtil/]: No oshi.properties file found from ClassLoader cpw.mods.modlauncher.TransformingClassLoader@1a500561
[05Jun2026 06:12:51.319] [main/DEBUG] [oshi.util.FileUtil/]: No oshi.architecture.properties file found from ClassLoader cpw.mods.modlauncher.TransformingClassLoader@1a500561
[05Jun2026 06:12:51.839] [main/DEBUG] [mixin/]: Mixing common.MixinEntity from mixins.epicfight.json into net.minecraft.world.entity.Entity
[05Jun2026 06:12:51.844] [main/DEBUG] [mixin/]: Renaming synthetic method lambda$epicfight$setOnGroundWithKnownMovement$1(Lyesman/epicfight/world/capabilities/entitypatch/LivingEntityPatch;)V to md019354$lambda$epicfight$setOnGroundWithKnownMovement$1$0 in mixins.epicfight.json:common.MixinEntity
[05Jun2026 06:12:51.844] [main/DEBUG] [mixin/]: Renaming synthetic method lambda$lerpMotion$0(Lorg/spongepowered/asm/mixin/injection/callback/CallbackInfo;Lyesman/epicfight/world/capabilities/entitypatch/LivingEntityPatch;)V to md019354$lambda$lerpMotion$0$1 in mixins.epicfight.json:common.MixinEntity
[05Jun2026 06:12:52.065] [main/DEBUG] [mixin/]: Mixing common.MixinLivingEntity from mixins.epicfight.json into net.minecraft.world.entity.LivingEntity
[05Jun2026 06:12:52.066] [main/DEBUG] [mixin/]: Renaming synthetic method lambda$epicfight$constructor$0(Lnet/minecraft/world/entity/LivingEntity;Lyesman/epicfight/world/capabilities/entitypatch/HurtableEntityPatch;)V to md019354$lambda$epicfight$constructor$0$0 in mixins.epicfight.json:common.MixinLivingEntity
[05Jun2026 06:12:52.112] [main/DEBUG] [net.minecraftforge.coremod.transformer.CoreModBaseTransformer/COREMOD]: Transforming net/minecraft/world/entity/EntityType
[05Jun2026 06:12:52.341] [main/DEBUG] [mixin/]: Mixing common.MixinPlayer from mixins.epicfight.json into net.minecraft.world.entity.player.Player
[05Jun2026 06:12:52.426] [main/DEBUG] [net.minecraftforge.coremod.transformer.CoreModBaseTransformer/COREMOD]: Transforming net/minecraft/world/entity/EntityType
[05Jun2026 06:12:52.707] [main/DEBUG] [net.minecraftforge.coremod.transformer.CoreModBaseTransformer/COREMOD]: Transforming net/minecraft/world/level/block/LiquidBlock
[05Jun2026 06:12:52.743] [main/DEBUG] [net.minecraftforge.coremod.transformer.CoreModBaseTransformer/COREMOD]: Transforming net/minecraft/world/level/block/StairBlock
[05Jun2026 06:12:52.805] [main/DEBUG] [net.minecraftforge.coremod.transformer.CoreModBaseTransformer/COREMOD]: Transforming net/minecraft/world/level/block/FlowerPotBlock
[05Jun2026 06:12:53.313] [main/DEBUG] [mixin/]: Mixing common.MixinProjectile from mixins.epicfight.json into net.minecraft.world.entity.projectile.Projectile
[05Jun2026 06:12:53.335] [main/DEBUG] [mixin/]: Mixing common.MixinMob from mixins.epicfight.json into net.minecraft.world.entity.Mob
[05Jun2026 06:12:53.404] [main/DEBUG] [net.minecraftforge.coremod.transformer.CoreModBaseTransformer/COREMOD]: Transforming net/minecraft/world/item/ItemStack
[05Jun2026 06:12:53.464] [main/DEBUG] [mixin/]: Mixing common.MixinWitherBoss from mixins.epicfight.json into net.minecraft.world.entity.boss.wither.WitherBoss
[05Jun2026 06:12:53.465] [main/DEBUG] [mixin/]: Renaming @Unique method getAmbientSound()Lnet/minecraft/sounds/SoundEvent; to md019354$getAmbientSound$0 in mixins.epicfight.json:common.MixinWitherBoss
[05Jun2026 06:12:53.513] [main/WARN] [mixin/]: @Final field nextHeadUpdate:[I in mixins.epicfight.json:common.MixinWitherBoss should be final
[05Jun2026 06:12:53.513] [main/WARN] [mixin/]: @Final field idleHeadUpdates:[I in mixins.epicfight.json:common.MixinWitherBoss should be final
[05Jun2026 06:12:53.893] [main/DEBUG] [net.minecraftforge.coremod.transformer.CoreModBaseTransformer/COREMOD]: Transforming net/minecraft/world/entity/animal/frog/Tadpole
[05Jun2026 06:12:53.926] [main/DEBUG] [net.minecraftforge.coremod.transformer.CoreModBaseTransformer/COREMOD]: Transforming net/minecraft/world/item/BucketItem
[05Jun2026 06:12:54.499] [main/DEBUG] [net.minecraftforge.coremod.transformer.CoreModBaseTransformer/COREMOD]: Transforming net/minecraft/world/entity/monster/Spider
[05Jun2026 06:12:54.544] [main/DEBUG] [net.minecraftforge.coremod.transformer.CoreModBaseTransformer/COREMOD]: Transforming net/minecraft/world/entity/monster/Zombie
[05Jun2026 06:12:54.590] [main/DEBUG] [net.minecraftforge.coremod.transformer.CoreModBaseTransformer/COREMOD]: Transforming net/minecraft/world/entity/monster/ZombieVillager
[05Jun2026 06:12:54.602] [main/DEBUG] [mixin/]: Mixing common.MixinThrownTrident from mixins.epicfight.json into net.minecraft.world.entity.projectile.ThrownTrident
[05Jun2026 06:12:54.624] [main/DEBUG] [mixin/]: Mixing common.MixinRangedAttackGoal from mixins.epicfight.json into net.minecraft.world.entity.ai.goal.RangedAttackGoal
[05Jun2026 06:12:54.624] [main/DEBUG] [mixin/]: Renaming synthetic method lambda$epicfight$tick$0(Lyesman/epicfight/world/capabilities/entitypatch/LivingEntityPatch;)V to md019354$lambda$epicfight$tick$0$0 in mixins.epicfight.json:common.MixinRangedAttackGoal
[05Jun2026 06:12:54.666] [main/DEBUG] [net.minecraftforge.coremod.transformer.CoreModBaseTransformer/COREMOD]: Transforming net/minecraft/world/entity/monster/Evoker$EvokerSummonSpellGoal
[05Jun2026 06:12:54.719] [main/DEBUG] [mixin/]: Mixing common.MixinRangedBowAttackGoal from mixins.epicfight.json into net.minecraft.world.entity.ai.goal.RangedBowAttackGoal
[05Jun2026 06:12:54.719] [main/DEBUG] [mixin/]: Renaming synthetic method lambda$epicfight$tick$0(Lyesman/epicfight/world/capabilities/entitypatch/LivingEntityPatch;)V to md019354$lambda$epicfight$tick$0$0 in mixins.epicfight.json:common.MixinRangedBowAttackGoal
[05Jun2026 06:12:54.785] [main/DEBUG] [mixin/]: Mixing common.MixinRangedCrossbowAttackGoal from mixins.epicfight.json into net.minecraft.world.entity.ai.goal.RangedCrossbowAttackGoal
[05Jun2026 06:12:54.786] [main/DEBUG] [mixin/]: Renaming synthetic method lambda$epicfight$tick$0(Lyesman/epicfight/world/capabilities/entitypatch/LivingEntityPatch;)V to md019354$lambda$epicfight$tick$0$0 in mixins.epicfight.json:common.MixinRangedCrossbowAttackGoal
[05Jun2026 06:12:54.827] [main/DEBUG] [net.minecraftforge.coremod.transformer.CoreModBaseTransformer/COREMOD]: Transforming net/minecraft/world/entity/animal/horse/SkeletonTrapGoal
[05Jun2026 06:12:54.842] [main/DEBUG] [net.minecraftforge.coremod.transformer.CoreModBaseTransformer/COREMOD]: Transforming net/minecraft/world/entity/monster/Strider
[05Jun2026 06:12:54.920] [main/WARN] [net.minecraft.network.syncher.SynchedEntityData/]: defineId called for: class net.minecraft.world.entity.LivingEntity from class yesman.epicfight.world.capabilities.entitypatch.LivingEntityPatch
[05Jun2026 06:12:54.920] [main/WARN] [net.minecraft.network.syncher.SynchedEntityData/]: defineId called for: class net.minecraft.world.entity.LivingEntity from class yesman.epicfight.world.capabilities.entitypatch.LivingEntityPatch
[05Jun2026 06:12:54.920] [main/WARN] [net.minecraft.network.syncher.SynchedEntityData/]: defineId called for: class net.minecraft.world.entity.LivingEntity from class yesman.epicfight.world.capabilities.entitypatch.LivingEntityPatch
[05Jun2026 06:12:54.920] [main/WARN] [net.minecraft.network.syncher.SynchedEntityData/]: defineId called for: class net.minecraft.world.entity.LivingEntity from class yesman.epicfight.world.capabilities.entitypatch.LivingEntityPatch
[05Jun2026 06:12:54.969] [main/DEBUG] [net.minecraftforge.coremod.transformer.CoreModBaseTransformer/COREMOD]: Transforming net/minecraft/world/entity/npc/Villager
[05Jun2026 06:12:55.047] [main/DEBUG] [net.minecraftforge.coremod.transformer.CoreModBaseTransformer/COREMOD]: Transforming net/minecraft/world/effect/MobEffectInstance
[05Jun2026 06:12:55.079] [main/DEBUG] [mixin/]: Mixing common.MixinServerGamePacketListenerImpl from mixins.epicfight.json into net.minecraft.server.network.ServerGamePacketListenerImpl
[05Jun2026 06:12:55.562] [main/DEBUG] [net.minecraftforge.coremod.transformer.CoreModBaseTransformer/COREMOD]: Transforming net/minecraft/world/level/levelgen/structure/Structure
[05Jun2026 06:12:55.588] [main/DEBUG] [net.minecraftforge.coremod.transformer.CoreModBaseTransformer/COREMOD]: Transforming net/minecraft/world/level/levelgen/structure/structures/OceanRuinPieces$OceanRuinPiece
[05Jun2026 06:12:55.598] [main/DEBUG] [net.minecraftforge.coremod.transformer.CoreModBaseTransformer/COREMOD]: Transforming net/minecraft/world/level/levelgen/structure/structures/SwampHutPiece
[05Jun2026 06:12:55.606] [main/DEBUG] [net.minecraftforge.coremod.transformer.CoreModBaseTransformer/COREMOD]: Transforming net/minecraft/world/level/levelgen/structure/structures/OceanMonumentPieces$OceanMonumentPiece
[05Jun2026 06:12:55.619] [main/DEBUG] [net.minecraftforge.coremod.transformer.CoreModBaseTransformer/COREMOD]: Transforming net/minecraft/world/level/levelgen/structure/structures/WoodlandMansionPieces$WoodlandMansionPiece
[05Jun2026 06:12:55.703] [main/DEBUG] [net.minecraftforge.coremod.transformer.CoreModBaseTransformer/COREMOD]: Transforming net/minecraft/world/level/biome/Biome
[05Jun2026 06:12:55.870] [main/DEBUG] [net.minecraftforge.registries.GameData/REGISTRIES]: Creating vanilla freeze snapshot
[05Jun2026 06:12:55.872] [main/DEBUG] [net.minecraftforge.registries.ForgeRegistry/REGISTRIES]: Registry minecraft:block Sync: VANILLA -> ACTIVE
[05Jun2026 06:12:55.885] [main/DEBUG] [net.minecraftforge.registries.ForgeRegistry/REGISTRIES]: Registry minecraft:fluid Sync: VANILLA -> ACTIVE
[05Jun2026 06:12:55.886] [main/DEBUG] [net.minecraftforge.registries.ForgeRegistry/REGISTRIES]: Registry minecraft:item Sync: VANILLA -> ACTIVE
[05Jun2026 06:12:55.894] [main/DEBUG] [net.minecraftforge.registries.ForgeRegistry/REGISTRIES]: Registry minecraft:mob_effect Sync: VANILLA -> ACTIVE
[05Jun2026 06:12:55.895] [main/DEBUG] [net.minecraftforge.registries.ForgeRegistry/REGISTRIES]: Registry minecraft:sound_event Sync: VANILLA -> ACTIVE
[05Jun2026 06:12:55.900] [main/DEBUG] [net.minecraftforge.registries.ForgeRegistry/REGISTRIES]: Registry minecraft:potion Sync: VANILLA -> ACTIVE
[05Jun2026 06:12:55.900] [main/DEBUG] [net.minecraftforge.registries.ForgeRegistry/REGISTRIES]: Registry minecraft:enchantment Sync: VANILLA -> ACTIVE
[05Jun2026 06:12:55.901] [main/DEBUG] [net.minecraftforge.registries.ForgeRegistry/REGISTRIES]: Registry minecraft:entity_type Sync: VANILLA -> ACTIVE
[05Jun2026 06:12:55.901] [main/DEBUG] [net.minecraftforge.registries.ForgeRegistry/REGISTRIES]: Registry minecraft:block_entity_type Sync: VANILLA -> ACTIVE
[05Jun2026 06:12:55.901] [main/DEBUG] [net.minecraftforge.registries.ForgeRegistry/REGISTRIES]: Registry minecraft:particle_type Sync: VANILLA -> ACTIVE
[05Jun2026 06:12:55.902] [main/DEBUG] [net.minecraftforge.registries.ForgeRegistry/REGISTRIES]: Registry minecraft:menu Sync: VANILLA -> ACTIVE
[05Jun2026 06:12:55.902] [main/DEBUG] [net.minecraftforge.registries.ForgeRegistry/REGISTRIES]: Registry minecraft:painting_variant Sync: VANILLA -> ACTIVE
[05Jun2026 06:12:55.902] [main/DEBUG] [net.minecraftforge.registries.ForgeRegistry/REGISTRIES]: Registry minecraft:recipe_type Sync: VANILLA -> ACTIVE
[05Jun2026 06:12:55.902] [main/DEBUG] [net.minecraftforge.registries.ForgeRegistry/REGISTRIES]: Registry minecraft:recipe_serializer Sync: VANILLA -> ACTIVE
[05Jun2026 06:12:55.902] [main/DEBUG] [net.minecraftforge.registries.ForgeRegistry/REGISTRIES]: Registry minecraft:attribute Sync: VANILLA -> ACTIVE
[05Jun2026 06:12:55.902] [main/DEBUG] [net.minecraftforge.registries.ForgeRegistry/REGISTRIES]: Registry minecraft:stat_type Sync: VANILLA -> ACTIVE
[05Jun2026 06:12:55.902] [main/DEBUG] [net.minecraftforge.registries.ForgeRegistry/REGISTRIES]: Registry minecraft:command_argument_type Sync: VANILLA -> ACTIVE
[05Jun2026 06:12:55.903] [main/DEBUG] [net.minecraftforge.registries.ForgeRegistry/REGISTRIES]: Registry minecraft:villager_profession Sync: VANILLA -> ACTIVE
[05Jun2026 06:12:55.903] [main/DEBUG] [net.minecraftforge.registries.ForgeRegistry/REGISTRIES]: Registry minecraft:point_of_interest_type Sync: VANILLA -> ACTIVE
[05Jun2026 06:12:55.904] [main/DEBUG] [net.minecraftforge.registries.ForgeRegistry/REGISTRIES]: Registry minecraft:memory_module_type Sync: VANILLA -> ACTIVE
[05Jun2026 06:12:55.904] [main/DEBUG] [net.minecraftforge.registries.ForgeRegistry/REGISTRIES]: Registry minecraft:sensor_type Sync: VANILLA -> ACTIVE
[05Jun2026 06:12:55.905] [main/DEBUG] [net.minecraftforge.registries.ForgeRegistry/REGISTRIES]: Registry minecraft:schedule Sync: VANILLA -> ACTIVE
[05Jun2026 06:12:55.905] [main/DEBUG] [net.minecraftforge.registries.ForgeRegistry/REGISTRIES]: Registry minecraft:activity Sync: VANILLA -> ACTIVE
[05Jun2026 06:12:55.905] [main/DEBUG] [net.minecraftforge.registries.ForgeRegistry/REGISTRIES]: Registry minecraft:worldgen/carver Sync: VANILLA -> ACTIVE
[05Jun2026 06:12:55.905] [main/DEBUG] [net.minecraftforge.registries.ForgeRegistry/REGISTRIES]: Registry minecraft:worldgen/feature Sync: VANILLA -> ACTIVE
[05Jun2026 06:12:55.905] [main/DEBUG] [net.minecraftforge.registries.ForgeRegistry/REGISTRIES]: Registry minecraft:chunk_status Sync: VANILLA -> ACTIVE
[05Jun2026 06:12:55.905] [main/DEBUG] [net.minecraftforge.registries.ForgeRegistry/REGISTRIES]: Registry minecraft:worldgen/block_state_provider_type Sync: VANILLA -> ACTIVE
[05Jun2026 06:12:55.905] [main/DEBUG] [net.minecraftforge.registries.ForgeRegistry/REGISTRIES]: Registry minecraft:worldgen/foliage_placer_type Sync: VANILLA -> ACTIVE
[05Jun2026 06:12:55.905] [main/DEBUG] [net.minecraftforge.registries.ForgeRegistry/REGISTRIES]: Registry minecraft:worldgen/tree_decorator_type Sync: VANILLA -> ACTIVE
[05Jun2026 06:12:55.906] [main/DEBUG] [net.minecraftforge.registries.ForgeRegistry/REGISTRIES]: Registry minecraft:worldgen/biome Sync: VANILLA -> ACTIVE
[05Jun2026 06:12:55.910] [main/DEBUG] [net.minecraftforge.registries.GameData/REGISTRIES]: Vanilla freeze snapshot created
[05Jun2026 06:12:55.922] [main/DEBUG] [io.netty.util.internal.PlatformDependent0/]: -Dio.netty.noUnsafe: false
[05Jun2026 06:12:55.922] [main/DEBUG] [io.netty.util.internal.PlatformDependent0/]: Java version: 17
[05Jun2026 06:12:55.923] [main/DEBUG] [io.netty.util.internal.PlatformDependent0/]: sun.misc.Unsafe.theUnsafe: available
[05Jun2026 06:12:55.923] [main/DEBUG] [io.netty.util.internal.PlatformDependent0/]: sun.misc.Unsafe.copyMemory: available
[05Jun2026 06:12:55.923] [main/DEBUG] [io.netty.util.internal.PlatformDependent0/]: sun.misc.Unsafe.storeFence: available
[05Jun2026 06:12:55.923] [main/DEBUG] [io.netty.util.internal.PlatformDependent0/]: java.nio.Buffer.address: available
[05Jun2026 06:12:55.924] [main/DEBUG] [io.netty.util.internal.PlatformDependent0/]: direct buffer constructor: unavailable
java.lang.UnsupportedOperationException: Reflective setAccessible(true) disabled
	at io.netty.util.internal.ReflectionUtil.trySetAccessible(ReflectionUtil.java:31) ~[netty-common-4.1.82.Final.jar:4.1.82.Final]
	at io.netty.util.internal.PlatformDependent0$5.run(PlatformDependent0.java:288) ~[netty-common-4.1.82.Final.jar:4.1.82.Final]
	at java.security.AccessController.doPrivileged(AccessController.java:318) ~[?:?]
	at io.netty.util.internal.PlatformDependent0.<clinit>(PlatformDependent0.java:282) ~[netty-common-4.1.82.Final.jar:4.1.82.Final]
	at io.netty.util.internal.PlatformDependent.isAndroid(PlatformDependent.java:333) ~[netty-common-4.1.82.Final.jar:4.1.82.Final]
	at io.netty.util.internal.PlatformDependent.<clinit>(PlatformDependent.java:88) ~[netty-common-4.1.82.Final.jar:4.1.82.Final]
	at io.netty.util.ConstantPool.<init>(ConstantPool.java:34) ~[netty-common-4.1.82.Final.jar:4.1.82.Final]
	at io.netty.util.AttributeKey$1.<init>(AttributeKey.java:27) ~[netty-common-4.1.82.Final.jar:4.1.82.Final]
	at io.netty.util.AttributeKey.<clinit>(AttributeKey.java:27) ~[netty-common-4.1.82.Final.jar:4.1.82.Final]
	at net.minecraftforge.network.NetworkConstants.<clinit>(NetworkConstants.java:34) ~[forge-1.20.1-47.4.20_mapped_parchment_2023.09.03-1.20.1.jar:?]
	at net.minecraftforge.network.NetworkHooks.init(NetworkHooks.java:52) ~[forge-1.20.1-47.4.20_mapped_parchment_2023.09.03-1.20.1.jar:?]
	at net.minecraft.server.Bootstrap.bootStrap(Bootstrap.java:62) ~[forge-1.20.1-47.4.20_mapped_parchment_2023.09.03-1.20.1.jar:?]
	at net.minecraft.server.Main.main(Main.java:121) ~[forge-1.20.1-47.4.20_mapped_parchment_2023.09.03-1.20.1.jar:?]
	at jdk.internal.reflect.NativeMethodAccessorImpl.invoke0(Native Method) ~[?:?]
	at jdk.internal.reflect.NativeMethodAccessorImpl.invoke(NativeMethodAccessorImpl.java:77) ~[?:?]
	at jdk.internal.reflect.DelegatingMethodAccessorImpl.invoke(DelegatingMethodAccessorImpl.java:43) ~[?:?]
	at java.lang.reflect.Method.invoke(Method.java:569) ~[?:?]
	at net.minecraftforge.fml.loading.targets.CommonLaunchHandler.runTarget(CommonLaunchHandler.java:111) ~[fmlloader-1.20.1-47.4.20.jar:?]
	at net.minecraftforge.fml.loading.targets.CommonLaunchHandler.serverService(CommonLaunchHandler.java:103) ~[fmlloader-1.20.1-47.4.20.jar:?]
	at net.minecraftforge.fml.loading.targets.ForgeServerUserdevLaunchHandler.devService(ForgeServerUserdevLaunchHandler.java:16) ~[fmlloader-1.20.1-47.4.20.jar:?]
	at net.minecraftforge.fml.loading.targets.CommonDevLaunchHandler.lambda$makeService$7(CommonDevLaunchHandler.java:135) ~[fmlloader-1.20.1-47.4.20.jar:?]
	at cpw.mods.modlauncher.LaunchServiceHandlerDecorator.launch(LaunchServiceHandlerDecorator.java:30) ~[modlauncher-10.0.9.jar:?]
	at cpw.mods.modlauncher.LaunchServiceHandler.launch(LaunchServiceHandler.java:53) ~[modlauncher-10.0.9.jar:?]
	at cpw.mods.modlauncher.LaunchServiceHandler.launch(LaunchServiceHandler.java:71) ~[modlauncher-10.0.9.jar:?]
	at cpw.mods.modlauncher.Launcher.run(Launcher.java:108) ~[modlauncher-10.0.9.jar:?]
	at cpw.mods.modlauncher.Launcher.main(Launcher.java:78) ~[modlauncher-10.0.9.jar:?]
	at cpw.mods.modlauncher.BootstrapLaunchConsumer.accept(BootstrapLaunchConsumer.java:26) ~[modlauncher-10.0.9.jar:?]
	at cpw.mods.modlauncher.BootstrapLaunchConsumer.accept(BootstrapLaunchConsumer.java:23) ~[modlauncher-10.0.9.jar:?]
	at cpw.mods.bootstraplauncher.BootstrapLauncher.main(BootstrapLauncher.java:141) ~[bootstraplauncher-1.1.2.jar:?]
[05Jun2026 06:12:55.931] [main/DEBUG] [io.netty.util.internal.PlatformDependent0/]: java.nio.Bits.unaligned: available, true
[05Jun2026 06:12:55.932] [main/DEBUG] [io.netty.util.internal.PlatformDependent0/]: jdk.internal.misc.Unsafe.allocateUninitializedArray(int): unavailable
java.lang.IllegalAccessException: class io.netty.util.internal.PlatformDependent0$7 (in module io.netty.common) cannot access class jdk.internal.misc.Unsafe (in module java.base) because module java.base does not export jdk.internal.misc to module io.netty.common
	at jdk.internal.reflect.Reflection.newIllegalAccessException(Reflection.java:392) ~[?:?]
	at java.lang.reflect.AccessibleObject.checkAccess(AccessibleObject.java:674) ~[?:?]
	at java.lang.reflect.Method.invoke(Method.java:561) ~[?:?]
	at io.netty.util.internal.PlatformDependent0$7.run(PlatformDependent0.java:410) ~[netty-common-4.1.82.Final.jar:4.1.82.Final]
	at java.security.AccessController.doPrivileged(AccessController.java:318) ~[?:?]
	at io.netty.util.internal.PlatformDependent0.<clinit>(PlatformDependent0.java:401) ~[netty-common-4.1.82.Final.jar:4.1.82.Final]
	at io.netty.util.internal.PlatformDependent.isAndroid(PlatformDependent.java:333) ~[netty-common-4.1.82.Final.jar:4.1.82.Final]
	at io.netty.util.internal.PlatformDependent.<clinit>(PlatformDependent.java:88) ~[netty-common-4.1.82.Final.jar:4.1.82.Final]
	at io.netty.util.ConstantPool.<init>(ConstantPool.java:34) ~[netty-common-4.1.82.Final.jar:4.1.82.Final]
	at io.netty.util.AttributeKey$1.<init>(AttributeKey.java:27) ~[netty-common-4.1.82.Final.jar:4.1.82.Final]
	at io.netty.util.AttributeKey.<clinit>(AttributeKey.java:27) ~[netty-common-4.1.82.Final.jar:4.1.82.Final]
	at net.minecraftforge.network.NetworkConstants.<clinit>(NetworkConstants.java:34) ~[forge-1.20.1-47.4.20_mapped_parchment_2023.09.03-1.20.1.jar:?]
	at net.minecraftforge.network.NetworkHooks.init(NetworkHooks.java:52) ~[forge-1.20.1-47.4.20_mapped_parchment_2023.09.03-1.20.1.jar:?]
	at net.minecraft.server.Bootstrap.bootStrap(Bootstrap.java:62) ~[forge-1.20.1-47.4.20_mapped_parchment_2023.09.03-1.20.1.jar:?]
	at net.minecraft.server.Main.main(Main.java:121) ~[forge-1.20.1-47.4.20_mapped_parchment_2023.09.03-1.20.1.jar:?]
	at jdk.internal.reflect.NativeMethodAccessorImpl.invoke0(Native Method) ~[?:?]
	at jdk.internal.reflect.NativeMethodAccessorImpl.invoke(NativeMethodAccessorImpl.java:77) ~[?:?]
	at jdk.internal.reflect.DelegatingMethodAccessorImpl.invoke(DelegatingMethodAccessorImpl.java:43) ~[?:?]
	at java.lang.reflect.Method.invoke(Method.java:569) ~[?:?]
	at net.minecraftforge.fml.loading.targets.CommonLaunchHandler.runTarget(CommonLaunchHandler.java:111) ~[fmlloader-1.20.1-47.4.20.jar:?]
	at net.minecraftforge.fml.loading.targets.CommonLaunchHandler.serverService(CommonLaunchHandler.java:103) ~[fmlloader-1.20.1-47.4.20.jar:?]
	at net.minecraftforge.fml.loading.targets.ForgeServerUserdevLaunchHandler.devService(ForgeServerUserdevLaunchHandler.java:16) ~[fmlloader-1.20.1-47.4.20.jar:?]
	at net.minecraftforge.fml.loading.targets.CommonDevLaunchHandler.lambda$makeService$7(CommonDevLaunchHandler.java:135) ~[fmlloader-1.20.1-47.4.20.jar:?]
	at cpw.mods.modlauncher.LaunchServiceHandlerDecorator.launch(LaunchServiceHandlerDecorator.java:30) ~[modlauncher-10.0.9.jar:?]
	at cpw.mods.modlauncher.LaunchServiceHandler.launch(LaunchServiceHandler.java:53) ~[modlauncher-10.0.9.jar:?]
	at cpw.mods.modlauncher.LaunchServiceHandler.launch(LaunchServiceHandler.java:71) ~[modlauncher-10.0.9.jar:?]
	at cpw.mods.modlauncher.Launcher.run(Launcher.java:108) ~[modlauncher-10.0.9.jar:?]
	at cpw.mods.modlauncher.Launcher.main(Launcher.java:78) ~[modlauncher-10.0.9.jar:?]
	at cpw.mods.modlauncher.BootstrapLaunchConsumer.accept(BootstrapLaunchConsumer.java:26) ~[modlauncher-10.0.9.jar:?]
	at cpw.mods.modlauncher.BootstrapLaunchConsumer.accept(BootstrapLaunchConsumer.java:23) ~[modlauncher-10.0.9.jar:?]
	at cpw.mods.bootstraplauncher.BootstrapLauncher.main(BootstrapLauncher.java:141) ~[bootstraplauncher-1.1.2.jar:?]
[05Jun2026 06:12:55.934] [main/DEBUG] [io.netty.util.internal.PlatformDependent0/]: java.nio.DirectByteBuffer.<init>(long, int): unavailable
[05Jun2026 06:12:55.934] [main/DEBUG] [io.netty.util.internal.PlatformDependent/]: sun.misc.Unsafe: available
[05Jun2026 06:12:55.934] [main/DEBUG] [io.netty.util.internal.PlatformDependent/]: maxDirectMemory: 4253024256 bytes (maybe)
[05Jun2026 06:12:55.935] [main/DEBUG] [io.netty.util.internal.PlatformDependent/]: -Dio.netty.tmpdir: C:\Users\ELHADJ~1\AppData\Local\Temp (java.io.tmpdir)
[05Jun2026 06:12:55.935] [main/DEBUG] [io.netty.util.internal.PlatformDependent/]: -Dio.netty.bitMode: 64 (sun.arch.data.model)
[05Jun2026 06:12:55.935] [main/DEBUG] [io.netty.util.internal.PlatformDependent/]: Platform: Windows
[05Jun2026 06:12:55.936] [main/DEBUG] [io.netty.util.internal.PlatformDependent/]: -Dio.netty.maxDirectMemory: -1 bytes
[05Jun2026 06:12:55.936] [main/DEBUG] [io.netty.util.internal.PlatformDependent/]: -Dio.netty.uninitializedArrayAllocationThreshold: -1
[05Jun2026 06:12:55.937] [main/DEBUG] [io.netty.util.internal.CleanerJava9/]: java.nio.ByteBuffer.cleaner(): available
[05Jun2026 06:12:55.937] [main/DEBUG] [io.netty.util.internal.PlatformDependent/]: -Dio.netty.noPreferDirect: false
[05Jun2026 06:12:55.982] [main/DEBUG] [net.minecraftforge.network.NetworkHooks/]: Loading Network data for FML net version: FML3
[05Jun2026 06:12:56.017] [main/DEBUG] [net.minecraftforge.common.ForgeI18n/CORE]: Loading I18N data entries: 6434
[05Jun2026 06:12:56.044] [main/DEBUG] [net.minecraftforge.fml.ModWorkManager/LOADING]: Using 12 threads for parallel mod-loading
[05Jun2026 06:12:56.050] [main/DEBUG] [net.minecraftforge.fml.javafmlmod.FMLJavaModLanguageProvider/LOADING]: Loading FMLModContainer from classloader cpw.mods.modlauncher.TransformingClassLoader@1a500561 - got cpw.mods.cl.ModuleClassLoader@175acfb2
[05Jun2026 06:12:56.053] [main/DEBUG] [net.minecraftforge.fml.javafmlmod.FMLModContainer/LOADING]: Creating FMLModContainer instance for tong.statmod.STATMod
[05Jun2026 06:12:56.055] [main/DEBUG] [net.minecraftforge.fml.javafmlmod.FMLJavaModLanguageProvider/LOADING]: Loading FMLModContainer from classloader cpw.mods.modlauncher.TransformingClassLoader@1a500561 - got cpw.mods.cl.ModuleClassLoader@175acfb2
[05Jun2026 06:12:56.055] [main/DEBUG] [net.minecraftforge.fml.javafmlmod.FMLModContainer/LOADING]: Creating FMLModContainer instance for com.p1nero.invincible.InvincibleMod
[05Jun2026 06:12:56.056] [main/DEBUG] [net.minecraftforge.fml.javafmlmod.FMLJavaModLanguageProvider/LOADING]: Loading FMLModContainer from classloader cpw.mods.modlauncher.TransformingClassLoader@1a500561 - got cpw.mods.cl.ModuleClassLoader@175acfb2
[05Jun2026 06:12:56.057] [main/DEBUG] [net.minecraftforge.fml.javafmlmod.FMLModContainer/LOADING]: Creating FMLModContainer instance for net.minecraftforge.common.ForgeMod
[05Jun2026 06:12:56.059] [main/DEBUG] [net.minecraftforge.fml.javafmlmod.FMLJavaModLanguageProvider/LOADING]: Loading FMLModContainer from classloader cpw.mods.modlauncher.TransformingClassLoader@1a500561 - got cpw.mods.cl.ModuleClassLoader@175acfb2
[05Jun2026 06:12:56.059] [main/DEBUG] [net.minecraftforge.fml.javafmlmod.FMLModContainer/LOADING]: Creating FMLModContainer instance for tong.sihriya.Sihriya
[05Jun2026 06:12:56.061] [main/DEBUG] [net.minecraftforge.fml.javafmlmod.FMLJavaModLanguageProvider/LOADING]: Loading FMLModContainer from classloader cpw.mods.modlauncher.TransformingClassLoader@1a500561 - got cpw.mods.cl.ModuleClassLoader@175acfb2
[05Jun2026 06:12:56.061] [main/DEBUG] [net.minecraftforge.fml.javafmlmod.FMLModContainer/LOADING]: Creating FMLModContainer instance for yesman.epicfight.main.EpicFightMod
[05Jun2026 06:12:56.062] [main/DEBUG] [mixin/]: Mixing EpicFightModMixin from invincible.mixins.json into yesman.epicfight.main.EpicFightMod
[05Jun2026 06:12:56.062] [main/DEBUG] [mixin/]: Renaming synthetic method lambda$invincible$constructMod$1()V to md019354$lambda$invincible$constructMod$1$0 in invincible.mixins.json:EpicFightModMixin
[05Jun2026 06:12:56.062] [main/DEBUG] [mixin/]: Renaming synthetic method lambda$invincible$constructMod$0(Lcom/p1nero/invincible/api/forgeevent/DuplicateAnimationRegistryEvent$DuplicateAnimationBuilder;)V to md019354$lambda$invincible$constructMod$0$1 in invincible.mixins.json:EpicFightModMixin
[05Jun2026 06:12:56.099] [modloading-worker-0/DEBUG] [net.minecraftforge.versions.forge.ForgeVersion/CORE]: Forge Version package package net.minecraftforge.versions.forge, Forge, version 47.4 from cpw.mods.modlauncher.TransformingClassLoader@1a500561
[05Jun2026 06:12:56.100] [modloading-worker-0/DEBUG] [net.minecraftforge.versions.forge.ForgeVersion/CORE]: Found Forge version 47.4.20
[05Jun2026 06:12:56.100] [modloading-worker-0/DEBUG] [net.minecraftforge.versions.forge.ForgeVersion/CORE]: Found Forge spec 47.4
[05Jun2026 06:12:56.100] [modloading-worker-0/DEBUG] [net.minecraftforge.versions.forge.ForgeVersion/CORE]: Found Forge group net.minecraftforge
[05Jun2026 06:12:56.100] [modloading-worker-0/DEBUG] [net.minecraftforge.versions.mcp.MCPVersion/CORE]: MCP Version package package net.minecraftforge.versions.mcp, Minecraft, version 1.20.1 from cpw.mods.modlauncher.TransformingClassLoader@1a500561
[05Jun2026 06:12:56.101] [modloading-worker-0/DEBUG] [net.minecraftforge.versions.mcp.MCPVersion/CORE]: Found MC version information 1.20.1
[05Jun2026 06:12:56.101] [modloading-worker-0/DEBUG] [net.minecraftforge.versions.mcp.MCPVersion/CORE]: Found MCP version information 20230612.114412
[05Jun2026 06:12:56.101] [modloading-worker-0/INFO] [net.minecraftforge.common.ForgeMod/FORGEMOD]: Forge mod loading, version 47.4.20, for MC 1.20.1 with MCP 20230612.114412
[05Jun2026 06:12:56.101] [modloading-worker-0/INFO] [net.minecraftforge.common.MinecraftForge/FORGE]: MinecraftForge v47.4.20 Initialized
[05Jun2026 06:12:56.107] [modloading-worker-0/DEBUG] [net.minecraftforge.fml.config.ConfigTracker/CONFIG]: Config file sihriya-client.toml for sihriya tracking
[05Jun2026 06:12:56.107] [modloading-worker-0/DEBUG] [net.minecraftforge.fml.config.ConfigTracker/CONFIG]: Config file epicfight-server.toml for epicfight tracking
[05Jun2026 06:12:56.107] [modloading-worker-0/DEBUG] [net.minecraftforge.fml.config.ConfigTracker/CONFIG]: Config file statmod-common.toml for statmod tracking
[05Jun2026 06:12:56.117] [modloading-worker-0/DEBUG] [epicfight/]: Registered Extendable Enum class tong.statmod.skills.StatModSkillCategories in skill_category
[05Jun2026 06:12:56.121] [modloading-worker-0/DEBUG] [epicfight/]: Registered Extendable Enum class tong.statmod.skills.StatModSkillSlots in skill_slot
[05Jun2026 06:12:56.130] [modloading-worker-0/DEBUG] [net.minecraftforge.fml.javafmlmod.AutomaticEventSubscriber/LOADING]: Attempting to inject @EventBusSubscriber classes into the eventbus for sihriya
[05Jun2026 06:12:56.140] [modloading-worker-0/DEBUG] [epicfight/]: Registered Extendable Enum class com.p1nero.invincible.api.skill.ComboNode$ComboTypes in combo_type
[05Jun2026 06:12:56.143] [modloading-worker-0/DEBUG] [net.minecraftforge.fml.config.ConfigTracker/CONFIG]: Config file invincible-common.toml for invincible tracking
[05Jun2026 06:12:56.143] [modloading-worker-0/DEBUG] [net.minecraftforge.fml.javafmlmod.AutomaticEventSubscriber/LOADING]: Attempting to inject @EventBusSubscriber classes into the eventbus for invincible
[05Jun2026 06:12:56.146] [modloading-worker-0/DEBUG] [net.minecraftforge.fml.javafmlmod.AutomaticEventSubscriber/LOADING]: Auto-subscribing tong.sihriya.animation.SihriyaAnimations to MOD
[05Jun2026 06:12:56.146] [modloading-worker-0/DEBUG] [net.minecraftforge.fml.javafmlmod.AutomaticEventSubscriber/LOADING]: Auto-subscribing com.p1nero.invincible.gameassets.InvincibleDuplicateDemoAnimations to MOD
[05Jun2026 06:12:56.148] [modloading-worker-0/DEBUG] [net.minecraftforge.fml.config.ConfigTracker/CONFIG]: Config file epicfight-common.toml for epicfight tracking
[05Jun2026 06:12:56.149] [modloading-worker-0/DEBUG] [net.minecraftforge.fml.javafmlmod.AutomaticEventSubscriber/LOADING]: Auto-subscribing com.p1nero.invincible.gameassets.InvincibleDemoWeaponCapabilityPresets to MOD
[05Jun2026 06:12:56.151] [modloading-worker-0/DEBUG] [mixin/]: Mixing AnimationManagerAccessor from invincible.mixins.json into yesman.epicfight.api.animation.AnimationManager
[05Jun2026 06:12:56.152] [modloading-worker-0/DEBUG] [net.minecraftforge.fml.config.ConfigTracker/CONFIG]: Config file forge-client.toml for forge tracking
[05Jun2026 06:12:56.152] [modloading-worker-0/DEBUG] [net.minecraftforge.fml.config.ConfigTracker/CONFIG]: Config file forge-server.toml for forge tracking
[05Jun2026 06:12:56.152] [modloading-worker-0/DEBUG] [net.minecraftforge.fml.ModLoadingContext/]: Attempted to register an empty config for type COMMON on mod forge
[05Jun2026 06:12:56.164] [modloading-worker-0/DEBUG] [net.minecraftforge.fml.javafmlmod.AutomaticEventSubscriber/LOADING]: Auto-subscribing com.p1nero.invincible.gameassets.InvincibleDemoSkills to MOD
[05Jun2026 06:12:56.167] [modloading-worker-0/DEBUG] [net.minecraftforge.fml.javafmlmod.AutomaticEventSubscriber/LOADING]: Auto-subscribing com.p1nero.invincible.command.InvincibleCommands to FORGE
[05Jun2026 06:12:56.168] [modloading-worker-0/DEBUG] [net.minecraftforge.fml.javafmlmod.AutomaticEventSubscriber/LOADING]: Auto-subscribing com.p1nero.invincible.capability.InvinciblePlayerCapabilityProvider to FORGE
[05Jun2026 06:12:56.168] [modloading-worker-0/DEBUG] [net.minecraftforge.fml.javafmlmod.AutomaticEventSubscriber/LOADING]: Auto-subscribing tong.sihriya.core.CapabilityHandler to FORGE
[05Jun2026 06:12:56.169] [modloading-worker-0/DEBUG] [net.minecraftforge.fml.javafmlmod.AutomaticEventSubscriber/LOADING]: Attempting to inject @EventBusSubscriber classes into the eventbus for statmod
[05Jun2026 06:12:56.170] [modloading-worker-0/DEBUG] [net.minecraftforge.fml.javafmlmod.AutomaticEventSubscriber/LOADING]: Auto-subscribing tong.statmod.world.thirst.ThirstHandler to FORGE
[05Jun2026 06:12:56.176] [modloading-worker-0/DEBUG] [net.minecraftforge.fml.javafmlmod.AutomaticEventSubscriber/LOADING]: Auto-subscribing tong.sihriya.core.EffectHandlers to FORGE
[05Jun2026 06:12:56.177] [modloading-worker-0/DEBUG] [net.minecraftforge.fml.javafmlmod.AutomaticEventSubscriber/LOADING]: Auto-subscribing tong.statmod.world.RandomEvents to FORGE
[05Jun2026 06:12:56.181] [modloading-worker-0/DEBUG] [net.minecraftforge.fml.javafmlmod.AutomaticEventSubscriber/LOADING]: Auto-subscribing tong.sihriya.core.MeditationHandler to FORGE
[05Jun2026 06:12:56.181] [modloading-worker-0/DEBUG] [net.minecraftforge.fml.javafmlmod.AutomaticEventSubscriber/LOADING]: Auto-subscribing tong.statmod.world.MobScalingHandler to FORGE
[05Jun2026 06:12:56.183] [modloading-worker-0/DEBUG] [net.minecraftforge.fml.javafmlmod.AutomaticEventSubscriber/LOADING]: Auto-subscribing tong.statmod.world.DayLengthHandler to FORGE
[05Jun2026 06:12:56.184] [modloading-worker-0/DEBUG] [net.minecraftforge.fml.javafmlmod.AutomaticEventSubscriber/LOADING]: Auto-subscribing tong.statmod.world.BossLootHandler to FORGE
[05Jun2026 06:12:56.185] [modloading-worker-0/DEBUG] [net.minecraftforge.fml.javafmlmod.AutomaticEventSubscriber/LOADING]: Auto-subscribing tong.sihriya.core.ModEffects to MOD
[05Jun2026 06:12:56.185] [modloading-worker-0/DEBUG] [net.minecraftforge.fml.javafmlmod.AutomaticEventSubscriber/LOADING]: Auto-subscribing tong.sihriya.core.PlayerLoginHandler to FORGE
[05Jun2026 06:12:56.186] [modloading-worker-0/DEBUG] [net.minecraftforge.fml.javafmlmod.AutomaticEventSubscriber/LOADING]: Auto-subscribing com.p1nero.invincible.capability.InvincibleEntityCapabilityProvider to FORGE
[05Jun2026 06:12:56.187] [modloading-worker-0/DEBUG] [net.minecraftforge.fml.javafmlmod.AutomaticEventSubscriber/LOADING]: Auto-subscribing tong.statmod.world.AutoSaveHandler to FORGE
[05Jun2026 06:12:56.188] [modloading-worker-0/DEBUG] [epicfight/]: Registered Extendable Enum class yesman.epicfight.api.animation.LivingMotions in living_motion
[05Jun2026 06:12:56.188] [modloading-worker-0/DEBUG] [net.minecraftforge.fml.javafmlmod.AutomaticEventSubscriber/LOADING]: Auto-subscribing tong.statmod.weapon.WeaponXPHandler to FORGE
[05Jun2026 06:12:56.189] [modloading-worker-0/DEBUG] [epicfight/]: Registered Extendable Enum class yesman.epicfight.skill.SkillCategories in skill_category
[05Jun2026 06:12:56.189] [modloading-worker-0/DEBUG] [net.minecraftforge.fml.javafmlmod.AutomaticEventSubscriber/LOADING]: Auto-subscribing com.p1nero.invincible.capability.InvincibleCapabilities to FORGE
[05Jun2026 06:12:56.190] [modloading-worker-0/DEBUG] [net.minecraftforge.fml.javafmlmod.AutomaticEventSubscriber/LOADING]: Auto-subscribing tong.statmod.stats.StatPassiveEffects to FORGE
[05Jun2026 06:12:56.191] [modloading-worker-0/DEBUG] [epicfight/]: Registered Extendable Enum class yesman.epicfight.skill.SkillSlots in skill_slot
[05Jun2026 06:12:56.193] [modloading-worker-0/DEBUG] [net.minecraftforge.fml.javafmlmod.AutomaticEventSubscriber/LOADING]: Auto-subscribing tong.sihriya.core.SpellCastHandler to FORGE
[05Jun2026 06:12:56.194] [modloading-worker-0/DEBUG] [net.minecraftforge.fml.javafmlmod.AutomaticEventSubscriber/LOADING]: Auto-subscribing com.p1nero.invincible.InvincibleConfig to MOD
[05Jun2026 06:12:56.194] [modloading-worker-0/DEBUG] [epicfight/]: Registered Extendable Enum class yesman.epicfight.world.capabilities.item.CapabilityItem$Styles in style
[05Jun2026 06:12:56.194] [modloading-worker-0/DEBUG] [net.minecraftforge.fml.javafmlmod.AutomaticEventSubscriber/LOADING]: Attempting to inject @EventBusSubscriber classes into the eventbus for forge
[05Jun2026 06:12:56.195] [modloading-worker-0/DEBUG] [epicfight/]: Registered Extendable Enum class yesman.epicfight.world.capabilities.item.CapabilityItem$WeaponCategories in weapon_category
[05Jun2026 06:12:56.196] [modloading-worker-0/DEBUG] [net.minecraftforge.fml.javafmlmod.AutomaticEventSubscriber/LOADING]: Auto-subscribing net.minecraftforge.common.ForgeSpawnEggItem$CommonHandler to MOD
[05Jun2026 06:12:56.196] [modloading-worker-0/DEBUG] [epicfight/]: Registered Extendable Enum class yesman.epicfight.world.capabilities.entitypatch.Factions in faction
[05Jun2026 06:12:56.198] [modloading-worker-0/DEBUG] [epicfight/]: Registered Extendable Enum class yesman.epicfight.network.EntityPairingPacketTypes in entity_pairing_packet_type
[05Jun2026 06:12:56.200] [modloading-worker-0/DEBUG] [net.minecraftforge.fml.javafmlmod.AutomaticEventSubscriber/LOADING]: Auto-subscribing tong.statmod.stats.StatEffectApplier to FORGE
[05Jun2026 06:12:56.202] [modloading-worker-0/DEBUG] [net.minecraftforge.fml.javafmlmod.AutomaticEventSubscriber/LOADING]: Auto-subscribing tong.sihriya.core.TierUnlockHandler to FORGE
[05Jun2026 06:12:56.204] [modloading-worker-0/DEBUG] [net.minecraftforge.fml.javafmlmod.AutomaticEventSubscriber/LOADING]: Auto-subscribing tong.statmod.STATMod$LoginHandler to FORGE
[05Jun2026 06:12:56.205] [modloading-worker-0/DEBUG] [net.minecraftforge.fml.javafmlmod.AutomaticEventSubscriber/LOADING]: Auto-subscribing tong.sihriya.epicfight.EpicFightAliasSkillRegistry to MOD
[05Jun2026 06:12:56.205] [modloading-worker-0/DEBUG] [net.minecraftforge.fml.javafmlmod.AutomaticEventSubscriber/LOADING]: Auto-subscribing tong.statmod.skills.SkillUnlockHandler to FORGE
[05Jun2026 06:12:56.207] [modloading-worker-0/DEBUG] [net.minecraftforge.fml.javafmlmod.AutomaticEventSubscriber/LOADING]: Auto-subscribing tong.statmod.skills.SkillRequirementHandler to FORGE
[05Jun2026 06:12:56.207] [modloading-worker-0/DEBUG] [net.minecraftforge.fml.javafmlmod.AutomaticEventSubscriber/LOADING]: Auto-subscribing tong.sihriya.epicfight.SkillMappingManager to FORGE
[05Jun2026 06:12:56.209] [modloading-worker-0/DEBUG] [net.minecraftforge.fml.javafmlmod.AutomaticEventSubscriber/LOADING]: Auto-subscribing tong.statmod.skills.SkillRegistry to MOD
[05Jun2026 06:12:56.213] [modloading-worker-0/DEBUG] [net.minecraftforge.fml.javafmlmod.AutomaticEventSubscriber/LOADING]: Auto-subscribing tong.sihriya.epicfight.StatPassthroughHandler to FORGE
[05Jun2026 06:12:56.215] [modloading-worker-0/DEBUG] [net.minecraftforge.fml.javafmlmod.AutomaticEventSubscriber/LOADING]: Auto-subscribing tong.sihriya.integration.EpicFightEffects to FORGE
[05Jun2026 06:12:56.219] [modloading-worker-0/DEBUG] [net.minecraftforge.fml.javafmlmod.AutomaticEventSubscriber/LOADING]: Auto-subscribing tong.statmod.progression.NonCombatXPHandler to FORGE
[05Jun2026 06:12:56.225] [modloading-worker-0/DEBUG] [net.minecraftforge.fml.javafmlmod.AutomaticEventSubscriber/LOADING]: Auto-subscribing tong.statmod.progression.CombatXPHandler to FORGE
[05Jun2026 06:12:56.227] [modloading-worker-0/DEBUG] [net.minecraftforge.fml.javafmlmod.AutomaticEventSubscriber/LOADING]: Auto-subscribing tong.statmod.perks.PerkTickHandler to FORGE
[05Jun2026 06:12:56.228] [modloading-worker-0/DEBUG] [net.minecraftforge.fml.javafmlmod.AutomaticEventSubscriber/LOADING]: Auto-subscribing tong.statmod.perks.PerkStatusHandler to FORGE
[05Jun2026 06:12:56.230] [modloading-worker-0/DEBUG] [net.minecraftforge.fml.javafmlmod.AutomaticEventSubscriber/LOADING]: Auto-subscribing tong.statmod.perks.PerkItemHandler to FORGE
[05Jun2026 06:12:56.232] [modloading-worker-0/DEBUG] [net.minecraftforge.fml.javafmlmod.AutomaticEventSubscriber/LOADING]: Auto-subscribing tong.statmod.perks.PerkDamageHandler to FORGE
[05Jun2026 06:12:56.235] [modloading-worker-0/DEBUG] [net.minecraftforge.fml.javafmlmod.AutomaticEventSubscriber/LOADING]: Auto-subscribing tong.statmod.integration.ModCompatHandler to FORGE
[05Jun2026 06:12:56.244] [modloading-worker-0/DEBUG] [net.minecraftforge.fml.javafmlmod.AutomaticEventSubscriber/LOADING]: Attempting to inject @EventBusSubscriber classes into the eventbus for epicfight
[05Jun2026 06:12:56.244] [modloading-worker-0/DEBUG] [net.minecraftforge.fml.javafmlmod.AutomaticEventSubscriber/LOADING]: Auto-subscribing yesman.epicfight.world.entity.ai.attribute.EpicFightAttributes to MOD
[05Jun2026 06:12:56.245] [modloading-worker-0/DEBUG] [net.minecraftforge.fml.javafmlmod.AutomaticEventSubscriber/LOADING]: Auto-subscribing tong.statmod.fatigue.FatigueHandler to FORGE
[05Jun2026 06:12:56.246] [modloading-worker-0/DEBUG] [net.minecraftforge.fml.javafmlmod.AutomaticEventSubscriber/LOADING]: Auto-subscribing yesman.epicfight.main.EpicFightMod$ServerForgeEvents to FORGE
[05Jun2026 06:12:56.247] [modloading-worker-0/DEBUG] [net.minecraftforge.fml.javafmlmod.AutomaticEventSubscriber/LOADING]: Auto-subscribing yesman.epicfight.gameasset.EpicFightSkills to MOD
[05Jun2026 06:12:56.248] [modloading-worker-0/DEBUG] [net.minecraftforge.fml.javafmlmod.AutomaticEventSubscriber/LOADING]: Auto-subscribing tong.statmod.fatigue.FatigueEffects to FORGE
[05Jun2026 06:12:56.249] [modloading-worker-0/DEBUG] [net.minecraftforge.fml.javafmlmod.AutomaticEventSubscriber/LOADING]: Auto-subscribing tong.statmod.Config to MOD
[05Jun2026 06:12:56.250] [modloading-worker-0/DEBUG] [net.minecraftforge.fml.javafmlmod.AutomaticEventSubscriber/LOADING]: Auto-subscribing tong.statmod.combat.DeathMessageHandler to FORGE
[05Jun2026 06:12:56.250] [modloading-worker-0/DEBUG] [net.minecraftforge.fml.javafmlmod.AutomaticEventSubscriber/LOADING]: Auto-subscribing tong.statmod.challenge.DailyChallenge to FORGE
[05Jun2026 06:12:56.251] [modloading-worker-0/DEBUG] [net.minecraftforge.fml.javafmlmod.AutomaticEventSubscriber/LOADING]: Auto-subscribing yesman.epicfight.gameasset.Animations to MOD
[05Jun2026 06:12:56.252] [modloading-worker-0/DEBUG] [net.minecraftforge.fml.javafmlmod.AutomaticEventSubscriber/LOADING]: Auto-subscribing tong.statmod.capability.ManaTickHandler to FORGE
[05Jun2026 06:12:56.256] [modloading-worker-0/DEBUG] [net.minecraftforge.fml.javafmlmod.AutomaticEventSubscriber/LOADING]: Auto-subscribing tong.statmod.capability.CapabilityHandler to FORGE
[05Jun2026 06:12:56.269] [modloading-worker-0/DEBUG] [mixin/]: Mixing StaticAnimationMixin from invincible.mixins.json into yesman.epicfight.api.animation.types.StaticAnimation
[05Jun2026 06:12:56.285] [modloading-worker-0/DEBUG] [net.minecraftforge.fml.javafmlmod.AutomaticEventSubscriber/LOADING]: Auto-subscribing yesman.epicfight.events.WorldEvents to FORGE
[05Jun2026 06:12:56.290] [modloading-worker-0/DEBUG] [net.minecraftforge.fml.javafmlmod.AutomaticEventSubscriber/LOADING]: Auto-subscribing yesman.epicfight.events.PlayerEvents to FORGE
[05Jun2026 06:12:56.291] [modloading-worker-0/DEBUG] [mixin/]: Mixing ServerPlayerPatchMixin from invincible.mixins.json into yesman.epicfight.world.capabilities.entitypatch.player.ServerPlayerPatch
[05Jun2026 06:12:56.303] [modloading-worker-0/DEBUG] [net.minecraftforge.fml.javafmlmod.AutomaticEventSubscriber/LOADING]: Auto-subscribing yesman.epicfight.events.EntityEvents to FORGE
[05Jun2026 06:12:56.319] [modloading-worker-0/DEBUG] [net.minecraftforge.fml.javafmlmod.AutomaticEventSubscriber/LOADING]: Auto-subscribing yesman.epicfight.events.CapabilityEvents to FORGE
[05Jun2026 06:12:56.320] [modloading-worker-0/DEBUG] [net.minecraftforge.fml.javafmlmod.AutomaticEventSubscriber/LOADING]: Auto-subscribing yesman.epicfight.data.loot.EpicFightLootTables to FORGE
[05Jun2026 06:12:56.320] [modloading-worker-0/DEBUG] [net.minecraftforge.fml.javafmlmod.AutomaticEventSubscriber/LOADING]: Auto-subscribing yesman.epicfight.config.ServerConfig to MOD
[05Jun2026 06:12:56.321] [modloading-worker-0/DEBUG] [net.minecraftforge.fml.javafmlmod.AutomaticEventSubscriber/LOADING]: Auto-subscribing yesman.epicfight.config.CommonConfig to MOD
[05Jun2026 06:12:56.323] [main/DEBUG] [net.minecraftforge.fml.DeferredWorkQueue/LOADING]: Dispatching synchronous work for work queue CONSTRUCT: 9 jobs
[05Jun2026 06:12:56.328] [main/DEBUG] [epicfight/]: Loaded enums in class yesman.epicfight.api.animation.LivingMotions
[05Jun2026 06:12:56.329] [main/DEBUG] [epicfight/]: All enums are loaded: living_motion [ALL, INACTION, IDLE, CONFRONT, ANGRY, FLOAT, WALK, RUN, SWIM, FLY, SNEAK, KNEEL, FALL, SIT, MOUNT, DEATH, CHASE, SPELLCAST, JUMP, CELEBRATE, LANDING_RECOVERY, CREATIVE_FLY, CREATIVE_IDLE, SLEEP, DIGGING, ADMIRE, CLIMB, DRINK, EAT, NONE, AIM, BLOCK, BLOCK_SHIELD, RELOAD, SHOT, SPECTATE]
[05Jun2026 06:12:56.329] [main/DEBUG] [epicfight/]: Loaded enums in class yesman.epicfight.skill.SkillCategories
[05Jun2026 06:12:56.329] [main/DEBUG] [epicfight/]: Loaded enums in class tong.statmod.skills.StatModSkillCategories
[05Jun2026 06:12:56.329] [main/DEBUG] [epicfight/]: All enums are loaded: skill_category [BASIC_ATTACK, DODGE, PASSIVE, WEAPON_PASSIVE, WEAPON_INNATE, GUARD, KNOCKDOWN_WAKEUP, MOVER, IDENTITY, CLASS_ARTS]
[05Jun2026 06:12:56.330] [main/DEBUG] [epicfight/]: Loaded enums in class yesman.epicfight.skill.SkillSlots
[05Jun2026 06:12:56.330] [main/DEBUG] [epicfight/]: Loaded enums in class tong.statmod.skills.StatModSkillSlots
[05Jun2026 06:12:56.330] [main/DEBUG] [epicfight/]: All enums are loaded: skill_slot [BASIC_ATTACK, DODGE, PASSIVE1, PASSIVE2, PASSIVE3, WEAPON_PASSIVE, WEAPON_INNATE, GUARD, KNOCKDOWN_WAKEUP, MOVER, IDENTITY, CLASS_ARTS]
[05Jun2026 06:12:56.330] [main/DEBUG] [epicfight/]: Loaded enums in class yesman.epicfight.world.capabilities.item.CapabilityItem$Styles
[05Jun2026 06:12:56.330] [main/DEBUG] [epicfight/]: All enums are loaded: style [COMMON, ONE_HAND, TWO_HAND, MOUNT, RANGED, SHEATH, OCHS]
[05Jun2026 06:12:56.330] [main/DEBUG] [epicfight/]: Loaded enums in class yesman.epicfight.world.capabilities.item.CapabilityItem$WeaponCategories
[05Jun2026 06:12:56.330] [main/DEBUG] [epicfight/]: All enums are loaded: weapon_category [NOT_WEAPON, AXE, FIST, GREATSWORD, HOE, PICKAXE, SHOVEL, SWORD, UCHIGATANA, SPEAR, TACHI, TRIDENT, LONGSWORD, DAGGER, SHIELD, CROSSBOW, BOW]
[05Jun2026 06:12:56.355] [main/DEBUG] [epicfight/]: Loaded enums in class yesman.epicfight.world.capabilities.entitypatch.Factions
[05Jun2026 06:12:56.355] [main/DEBUG] [epicfight/]: All enums are loaded: faction [NEUTRAL, UNDEAD, BLAZE, ENDERMAN, ILLAGER, PIGLINS, WITHER, VILLAGER, ZOMBIFIED_PIGLIN]
[05Jun2026 06:12:56.355] [main/DEBUG] [epicfight/]: Loaded enums in class yesman.epicfight.network.EntityPairingPacketTypes
[05Jun2026 06:12:56.355] [main/DEBUG] [epicfight/]: All enums are loaded: entity_pairing_packet_type [ADRENALINE_ACTIVATED, BONEBREAKER_BEGIN, BONEBREAKER_MAX_STACK, BONEBREAKER_CLEAR, STAMINA_PILLAGER_BODY_ASHES, EMERGENCY_ESCAPE_ACTIVATED, ENDERMAN_RAGE, FLASH_WHITE, PIGLIN_BABY_SPAWN, SET_BOSS_EVENT_OWNER, TECHNICIAN_ACTIVATED, TRIDENT_THROWN, VENGEANCE_OVERLAY, VENGEANCE_TARGET_CANCEL, ZOMBIE_SPAWN]
[05Jun2026 06:12:56.356] [main/INFO] [sihriya/]: SihriyaAnimations.registerAnimations called, creating builder
[05Jun2026 06:12:56.407] [main/INFO] [sihriya/]: SihriyaAnimations.build() called
[05Jun2026 06:12:56.413] [main/DEBUG] [net.minecraftforge.fml.DeferredWorkQueue/LOADING]: Synchronous work queue completed in 88.13 ms
[05Jun2026 06:12:56.441] [main/DEBUG] [net.minecraftforge.registries.ObjectHolderRegistry/REGISTRIES]: Processing ObjectHolder annotations
[05Jun2026 06:12:56.458] [main/DEBUG] [net.minecraftforge.registries.ObjectHolderRegistry/REGISTRIES]: Found 4074 ObjectHolder annotations
[05Jun2026 06:12:56.461] [main/DEBUG] [net.minecraftforge.common.capabilities.CapabilityManager/CAPABILITIES]: Attempting to automatically register: Lnet/minecraftforge/energy/IEnergyStorage;
[05Jun2026 06:12:56.471] [main/DEBUG] [net.minecraftforge.common.capabilities.CapabilityManager/CAPABILITIES]: Attempting to automatically register: Lnet/minecraftforge/fluids/capability/IFluidHandler;
[05Jun2026 06:12:56.471] [main/DEBUG] [net.minecraftforge.common.capabilities.CapabilityManager/CAPABILITIES]: Attempting to automatically register: Lnet/minecraftforge/fluids/capability/IFluidHandlerItem;
[05Jun2026 06:12:56.471] [main/DEBUG] [net.minecraftforge.common.capabilities.CapabilityManager/CAPABILITIES]: Attempting to automatically register: Lnet/minecraftforge/items/IItemHandler;
[05Jun2026 06:12:56.474] [main/DEBUG] [net.minecraftforge.registries.GameData/REGISTRIES]: Unfreezing vanilla registries
[05Jun2026 06:12:56.482] [main/DEBUG] [net.minecraftforge.registries.GameData/REGISTRIES]: Applying holder lookups: minecraft:sound_event
[05Jun2026 06:12:56.484] [main/DEBUG] [net.minecraftforge.registries.GameData/REGISTRIES]: Holder lookups applied: minecraft:sound_event
[05Jun2026 06:12:56.484] [main/DEBUG] [net.minecraftforge.registries.GameData/REGISTRIES]: Applying holder lookups: minecraft:fluid
[05Jun2026 06:12:56.484] [main/DEBUG] [net.minecraftforge.registries.GameData/REGISTRIES]: Holder lookups applied: minecraft:fluid
[05Jun2026 06:12:56.488] [main/DEBUG] [net.minecraftforge.registries.GameData/REGISTRIES]: Applying holder lookups: minecraft:block
[05Jun2026 06:12:56.489] [main/DEBUG] [net.minecraftforge.registries.GameData/REGISTRIES]: Holder lookups applied: minecraft:block
[05Jun2026 06:12:56.489] [main/DEBUG] [net.minecraftforge.registries.GameData/REGISTRIES]: Applying holder lookups: minecraft:attribute
[05Jun2026 06:12:56.489] [main/DEBUG] [net.minecraftforge.registries.GameData/REGISTRIES]: Holder lookups applied: minecraft:attribute
[05Jun2026 06:12:56.491] [main/DEBUG] [net.minecraftforge.registries.GameData/REGISTRIES]: Applying holder lookups: minecraft:mob_effect
[05Jun2026 06:12:56.491] [main/DEBUG] [net.minecraftforge.registries.GameData/REGISTRIES]: Holder lookups applied: minecraft:mob_effect
[05Jun2026 06:12:56.494] [main/DEBUG] [net.minecraftforge.registries.GameData/REGISTRIES]: Applying holder lookups: minecraft:particle_type
[05Jun2026 06:12:56.495] [main/DEBUG] [net.minecraftforge.registries.GameData/REGISTRIES]: Holder lookups applied: minecraft:particle_type
[05Jun2026 06:12:56.498] [main/DEBUG] [net.minecraftforge.registries.GameData/REGISTRIES]: Applying holder lookups: minecraft:item
[05Jun2026 06:12:56.499] [main/DEBUG] [net.minecraftforge.registries.GameData/REGISTRIES]: Holder lookups applied: minecraft:item
[05Jun2026 06:12:56.507] [main/DEBUG] [net.minecraftforge.registries.GameData/REGISTRIES]: Applying holder lookups: minecraft:entity_type
[05Jun2026 06:12:56.508] [main/DEBUG] [net.minecraftforge.registries.GameData/REGISTRIES]: Holder lookups applied: minecraft:entity_type
[05Jun2026 06:12:56.508] [main/DEBUG] [net.minecraftforge.registries.GameData/REGISTRIES]: Applying holder lookups: minecraft:sensor_type
[05Jun2026 06:12:56.508] [main/DEBUG] [net.minecraftforge.registries.GameData/REGISTRIES]: Holder lookups applied: minecraft:sensor_type
[05Jun2026 06:12:56.508] [main/DEBUG] [net.minecraftforge.registries.GameData/REGISTRIES]: Applying holder lookups: minecraft:memory_module_type
[05Jun2026 06:12:56.509] [main/DEBUG] [net.minecraftforge.registries.GameData/REGISTRIES]: Holder lookups applied: minecraft:memory_module_type
[05Jun2026 06:12:56.509] [main/DEBUG] [net.minecraftforge.registries.GameData/REGISTRIES]: Applying holder lookups: minecraft:potion
[05Jun2026 06:12:56.509] [main/DEBUG] [net.minecraftforge.registries.GameData/REGISTRIES]: Holder lookups applied: minecraft:potion
[05Jun2026 06:12:56.509] [main/DEBUG] [net.minecraftforge.registries.GameData/REGISTRIES]: Applying holder lookups: minecraft:game_event
[05Jun2026 06:12:56.509] [main/DEBUG] [net.minecraftforge.registries.GameData/REGISTRIES]: Holder lookups applied: minecraft:game_event
[05Jun2026 06:12:56.511] [main/DEBUG] [net.minecraftforge.registries.GameData/REGISTRIES]: Applying holder lookups: minecraft:enchantment
[05Jun2026 06:12:56.511] [main/DEBUG] [net.minecraftforge.registries.GameData/REGISTRIES]: Holder lookups applied: minecraft:enchantment
[05Jun2026 06:12:56.511] [main/DEBUG] [net.minecraftforge.registries.GameData/REGISTRIES]: Applying holder lookups: minecraft:block_entity_type
[05Jun2026 06:12:56.512] [main/DEBUG] [net.minecraftforge.registries.GameData/REGISTRIES]: Holder lookups applied: minecraft:block_entity_type
[05Jun2026 06:12:56.512] [main/DEBUG] [net.minecraftforge.registries.GameData/REGISTRIES]: Applying holder lookups: minecraft:painting_variant
[05Jun2026 06:12:56.512] [main/DEBUG] [net.minecraftforge.registries.GameData/REGISTRIES]: Holder lookups applied: minecraft:painting_variant
[05Jun2026 06:12:56.512] [main/DEBUG] [net.minecraftforge.registries.GameData/REGISTRIES]: Applying holder lookups: minecraft:stat_type
[05Jun2026 06:12:56.512] [main/DEBUG] [net.minecraftforge.registries.GameData/REGISTRIES]: Holder lookups applied: minecraft:stat_type
[05Jun2026 06:12:56.512] [main/DEBUG] [net.minecraftforge.registries.GameData/REGISTRIES]: Applying holder lookups: minecraft:custom_stat
[05Jun2026 06:12:56.512] [main/DEBUG] [net.minecraftforge.registries.GameData/REGISTRIES]: Holder lookups applied: minecraft:custom_stat
[05Jun2026 06:12:56.512] [main/DEBUG] [net.minecraftforge.registries.GameData/REGISTRIES]: Applying holder lookups: minecraft:chunk_status
[05Jun2026 06:12:56.513] [main/DEBUG] [net.minecraftforge.registries.GameData/REGISTRIES]: Holder lookups applied: minecraft:chunk_status
[05Jun2026 06:12:56.513] [main/DEBUG] [net.minecraftforge.registries.GameData/REGISTRIES]: Applying holder lookups: minecraft:rule_test
[05Jun2026 06:12:56.513] [main/DEBUG] [net.minecraftforge.registries.GameData/REGISTRIES]: Holder lookups applied: minecraft:rule_test
[05Jun2026 06:12:56.513] [main/DEBUG] [net.minecraftforge.registries.GameData/REGISTRIES]: Applying holder lookups: minecraft:rule_block_entity_modifier
[05Jun2026 06:12:56.513] [main/DEBUG] [net.minecraftforge.registries.GameData/REGISTRIES]: Holder lookups applied: minecraft:rule_block_entity_modifier
[05Jun2026 06:12:56.513] [main/DEBUG] [net.minecraftforge.registries.GameData/REGISTRIES]: Applying holder lookups: minecraft:pos_rule_test
[05Jun2026 06:12:56.513] [main/DEBUG] [net.minecraftforge.registries.GameData/REGISTRIES]: Holder lookups applied: minecraft:pos_rule_test
[05Jun2026 06:12:56.513] [main/DEBUG] [net.minecraftforge.registries.GameData/REGISTRIES]: Applying holder lookups: minecraft:menu
[05Jun2026 06:12:56.514] [main/DEBUG] [net.minecraftforge.registries.GameData/REGISTRIES]: Holder lookups applied: minecraft:menu
[05Jun2026 06:12:56.514] [main/DEBUG] [net.minecraftforge.registries.GameData/REGISTRIES]: Applying holder lookups: minecraft:recipe_type
[05Jun2026 06:12:56.514] [main/DEBUG] [net.minecraftforge.registries.GameData/REGISTRIES]: Holder lookups applied: minecraft:recipe_type
[05Jun2026 06:12:56.524] [main/DEBUG] [net.minecraftforge.registries.GameData/REGISTRIES]: Applying holder lookups: minecraft:recipe_serializer
[05Jun2026 06:12:56.525] [main/DEBUG] [net.minecraftforge.registries.GameData/REGISTRIES]: Holder lookups applied: minecraft:recipe_serializer
[05Jun2026 06:12:56.525] [main/DEBUG] [net.minecraftforge.registries.GameData/REGISTRIES]: Applying holder lookups: minecraft:position_source_type
[05Jun2026 06:12:56.526] [main/DEBUG] [net.minecraftforge.registries.GameData/REGISTRIES]: Holder lookups applied: minecraft:position_source_type
[05Jun2026 06:12:56.529] [main/DEBUG] [net.minecraftforge.registries.GameData/REGISTRIES]: Applying holder lookups: minecraft:command_argument_type
[05Jun2026 06:12:56.530] [main/DEBUG] [net.minecraftforge.registries.GameData/REGISTRIES]: Holder lookups applied: minecraft:command_argument_type
[05Jun2026 06:12:56.530] [main/DEBUG] [net.minecraftforge.registries.GameData/REGISTRIES]: Applying holder lookups: minecraft:villager_type
[05Jun2026 06:12:56.530] [main/DEBUG] [net.minecraftforge.registries.GameData/REGISTRIES]: Holder lookups applied: minecraft:villager_type
[05Jun2026 06:12:56.530] [main/DEBUG] [net.minecraftforge.registries.GameData/REGISTRIES]: Applying holder lookups: minecraft:villager_profession
[05Jun2026 06:12:56.530] [main/DEBUG] [net.minecraftforge.registries.GameData/REGISTRIES]: Holder lookups applied: minecraft:villager_profession
[05Jun2026 06:12:56.530] [main/DEBUG] [net.minecraftforge.registries.GameData/REGISTRIES]: Applying holder lookups: minecraft:point_of_interest_type
[05Jun2026 06:12:56.530] [main/DEBUG] [net.minecraftforge.registries.GameData/REGISTRIES]: Holder lookups applied: minecraft:point_of_interest_type
[05Jun2026 06:12:56.530] [main/DEBUG] [net.minecraftforge.registries.GameData/REGISTRIES]: Applying holder lookups: minecraft:schedule
[05Jun2026 06:12:56.530] [main/DEBUG] [net.minecraftforge.registries.GameData/REGISTRIES]: Holder lookups applied: minecraft:schedule
[05Jun2026 06:12:56.530] [main/DEBUG] [net.minecraftforge.registries.GameData/REGISTRIES]: Applying holder lookups: minecraft:activity
[05Jun2026 06:12:56.531] [main/DEBUG] [net.minecraftforge.registries.GameData/REGISTRIES]: Holder lookups applied: minecraft:activity
[05Jun2026 06:12:56.531] [main/DEBUG] [net.minecraftforge.registries.GameData/REGISTRIES]: Applying holder lookups: minecraft:loot_pool_entry_type
[05Jun2026 06:12:56.531] [main/DEBUG] [net.minecraftforge.registries.GameData/REGISTRIES]: Holder lookups applied: minecraft:loot_pool_entry_type
[05Jun2026 06:12:56.531] [main/DEBUG] [net.minecraftforge.registries.GameData/REGISTRIES]: Applying holder lookups: minecraft:loot_function_type
[05Jun2026 06:12:56.531] [main/DEBUG] [net.minecraftforge.registries.GameData/REGISTRIES]: Holder lookups applied: minecraft:loot_function_type
[05Jun2026 06:12:56.534] [main/DEBUG] [net.minecraftforge.registries.GameData/REGISTRIES]: Applying holder lookups: minecraft:loot_condition_type
[05Jun2026 06:12:56.534] [main/DEBUG] [net.minecraftforge.registries.GameData/REGISTRIES]: Holder lookups applied: minecraft:loot_condition_type
[05Jun2026 06:12:56.534] [main/DEBUG] [net.minecraftforge.registries.GameData/REGISTRIES]: Applying holder lookups: minecraft:loot_number_provider_type
[05Jun2026 06:12:56.535] [main/DEBUG] [net.minecraftforge.registries.GameData/REGISTRIES]: Holder lookups applied: minecraft:loot_number_provider_type
[05Jun2026 06:12:56.535] [main/DEBUG] [net.minecraftforge.registries.GameData/REGISTRIES]: Applying holder lookups: minecraft:loot_nbt_provider_type
[05Jun2026 06:12:56.535] [main/DEBUG] [net.minecraftforge.registries.GameData/REGISTRIES]: Holder lookups applied: minecraft:loot_nbt_provider_type
[05Jun2026 06:12:56.535] [main/DEBUG] [net.minecraftforge.registries.GameData/REGISTRIES]: Applying holder lookups: minecraft:loot_score_provider_type
[05Jun2026 06:12:56.535] [main/DEBUG] [net.minecraftforge.registries.GameData/REGISTRIES]: Holder lookups applied: minecraft:loot_score_provider_type
[05Jun2026 06:12:56.535] [main/DEBUG] [net.minecraftforge.registries.GameData/REGISTRIES]: Applying holder lookups: minecraft:float_provider_type
[05Jun2026 06:12:56.535] [main/DEBUG] [net.minecraftforge.registries.GameData/REGISTRIES]: Holder lookups applied: minecraft:float_provider_type
[05Jun2026 06:12:56.535] [main/DEBUG] [net.minecraftforge.registries.GameData/REGISTRIES]: Applying holder lookups: minecraft:int_provider_type
[05Jun2026 06:12:56.535] [main/DEBUG] [net.minecraftforge.registries.GameData/REGISTRIES]: Holder lookups applied: minecraft:int_provider_type
[05Jun2026 06:12:56.535] [main/DEBUG] [net.minecraftforge.registries.GameData/REGISTRIES]: Applying holder lookups: minecraft:height_provider_type
[05Jun2026 06:12:56.536] [main/DEBUG] [net.minecraftforge.registries.GameData/REGISTRIES]: Holder lookups applied: minecraft:height_provider_type
[05Jun2026 06:12:56.536] [main/DEBUG] [net.minecraftforge.registries.GameData/REGISTRIES]: Applying holder lookups: minecraft:block_predicate_type
[05Jun2026 06:12:56.536] [main/DEBUG] [net.minecraftforge.registries.GameData/REGISTRIES]: Holder lookups applied: minecraft:block_predicate_type
[05Jun2026 06:12:56.536] [main/DEBUG] [net.minecraftforge.registries.GameData/REGISTRIES]: Applying holder lookups: minecraft:worldgen/carver
[05Jun2026 06:12:56.537] [main/DEBUG] [net.minecraftforge.registries.GameData/REGISTRIES]: Holder lookups applied: minecraft:worldgen/carver
[05Jun2026 06:12:56.537] [main/DEBUG] [net.minecraftforge.registries.GameData/REGISTRIES]: Applying holder lookups: minecraft:worldgen/feature
[05Jun2026 06:12:56.537] [main/DEBUG] [net.minecraftforge.registries.GameData/REGISTRIES]: Holder lookups applied: minecraft:worldgen/feature
[05Jun2026 06:12:56.537] [main/DEBUG] [net.minecraftforge.registries.GameData/REGISTRIES]: Applying holder lookups: minecraft:worldgen/structure_processor
[05Jun2026 06:12:56.537] [main/DEBUG] [net.minecraftforge.registries.GameData/REGISTRIES]: Holder lookups applied: minecraft:worldgen/structure_processor
[05Jun2026 06:12:56.537] [main/DEBUG] [net.minecraftforge.registries.GameData/REGISTRIES]: Applying holder lookups: minecraft:worldgen/structure_placement
[05Jun2026 06:12:56.537] [main/DEBUG] [net.minecraftforge.registries.GameData/REGISTRIES]: Holder lookups applied: minecraft:worldgen/structure_placement
[05Jun2026 06:12:56.537] [main/DEBUG] [net.minecraftforge.registries.GameData/REGISTRIES]: Applying holder lookups: minecraft:worldgen/structure_piece
[05Jun2026 06:12:56.538] [main/DEBUG] [net.minecraftforge.registries.GameData/REGISTRIES]: Holder lookups applied: minecraft:worldgen/structure_piece
[05Jun2026 06:12:56.538] [main/DEBUG] [net.minecraftforge.registries.GameData/REGISTRIES]: Applying holder lookups: minecraft:worldgen/structure_type
[05Jun2026 06:12:56.538] [main/DEBUG] [net.minecraftforge.registries.GameData/REGISTRIES]: Holder lookups applied: minecraft:worldgen/structure_type
[05Jun2026 06:12:56.538] [main/DEBUG] [net.minecraftforge.registries.GameData/REGISTRIES]: Applying holder lookups: minecraft:worldgen/placement_modifier_type
[05Jun2026 06:12:56.538] [main/DEBUG] [net.minecraftforge.registries.GameData/REGISTRIES]: Holder lookups applied: minecraft:worldgen/placement_modifier_type
[05Jun2026 06:12:56.538] [main/DEBUG] [net.minecraftforge.registries.GameData/REGISTRIES]: Applying holder lookups: minecraft:worldgen/block_state_provider_type
[05Jun2026 06:12:56.538] [main/DEBUG] [net.minecraftforge.registries.GameData/REGISTRIES]: Holder lookups applied: minecraft:worldgen/block_state_provider_type
[05Jun2026 06:12:56.538] [main/DEBUG] [net.minecraftforge.registries.GameData/REGISTRIES]: Applying holder lookups: minecraft:worldgen/foliage_placer_type
[05Jun2026 06:12:56.539] [main/DEBUG] [net.minecraftforge.registries.GameData/REGISTRIES]: Holder lookups applied: minecraft:worldgen/foliage_placer_type
[05Jun2026 06:12:56.539] [main/DEBUG] [net.minecraftforge.registries.GameData/REGISTRIES]: Applying holder lookups: minecraft:worldgen/trunk_placer_type
[05Jun2026 06:12:56.539] [main/DEBUG] [net.minecraftforge.registries.GameData/REGISTRIES]: Holder lookups applied: minecraft:worldgen/trunk_placer_type
[05Jun2026 06:12:56.539] [main/DEBUG] [net.minecraftforge.registries.GameData/REGISTRIES]: Applying holder lookups: minecraft:worldgen/root_placer_type
[05Jun2026 06:12:56.539] [main/DEBUG] [net.minecraftforge.registries.GameData/REGISTRIES]: Holder lookups applied: minecraft:worldgen/root_placer_type
[05Jun2026 06:12:56.539] [main/DEBUG] [net.minecraftforge.registries.GameData/REGISTRIES]: Applying holder lookups: minecraft:worldgen/tree_decorator_type
[05Jun2026 06:12:56.539] [main/DEBUG] [net.minecraftforge.registries.GameData/REGISTRIES]: Holder lookups applied: minecraft:worldgen/tree_decorator_type
[05Jun2026 06:12:56.539] [main/DEBUG] [net.minecraftforge.registries.GameData/REGISTRIES]: Applying holder lookups: minecraft:worldgen/feature_size_type
[05Jun2026 06:12:56.540] [main/DEBUG] [net.minecraftforge.registries.GameData/REGISTRIES]: Holder lookups applied: minecraft:worldgen/feature_size_type
[05Jun2026 06:12:56.540] [main/DEBUG] [net.minecraftforge.registries.GameData/REGISTRIES]: Applying holder lookups: minecraft:worldgen/biome_source
[05Jun2026 06:12:56.540] [main/DEBUG] [net.minecraftforge.registries.GameData/REGISTRIES]: Holder lookups applied: minecraft:worldgen/biome_source
[05Jun2026 06:12:56.540] [main/DEBUG] [net.minecraftforge.registries.GameData/REGISTRIES]: Applying holder lookups: minecraft:worldgen/chunk_generator
[05Jun2026 06:12:56.540] [main/DEBUG] [net.minecraftforge.registries.GameData/REGISTRIES]: Holder lookups applied: minecraft:worldgen/chunk_generator
[05Jun2026 06:12:56.540] [main/DEBUG] [net.minecraftforge.registries.GameData/REGISTRIES]: Applying holder lookups: minecraft:worldgen/material_condition
[05Jun2026 06:12:56.540] [main/DEBUG] [net.minecraftforge.registries.GameData/REGISTRIES]: Holder lookups applied: minecraft:worldgen/material_condition
[05Jun2026 06:12:56.540] [main/DEBUG] [net.minecraftforge.registries.GameData/REGISTRIES]: Applying holder lookups: minecraft:worldgen/material_rule
[05Jun2026 06:12:56.540] [main/DEBUG] [net.minecraftforge.registries.GameData/REGISTRIES]: Holder lookups applied: minecraft:worldgen/material_rule
[05Jun2026 06:12:56.540] [main/DEBUG] [net.minecraftforge.registries.GameData/REGISTRIES]: Applying holder lookups: minecraft:worldgen/density_function_type
[05Jun2026 06:12:56.541] [main/DEBUG] [net.minecraftforge.registries.GameData/REGISTRIES]: Holder lookups applied: minecraft:worldgen/density_function_type
[05Jun2026 06:12:56.541] [main/DEBUG] [net.minecraftforge.registries.GameData/REGISTRIES]: Applying holder lookups: minecraft:worldgen/structure_pool_element
[05Jun2026 06:12:56.541] [main/DEBUG] [net.minecraftforge.registries.GameData/REGISTRIES]: Holder lookups applied: minecraft:worldgen/structure_pool_element
[05Jun2026 06:12:56.541] [main/DEBUG] [net.minecraftforge.registries.GameData/REGISTRIES]: Applying holder lookups: minecraft:cat_variant
[05Jun2026 06:12:56.541] [main/DEBUG] [net.minecraftforge.registries.GameData/REGISTRIES]: Holder lookups applied: minecraft:cat_variant
[05Jun2026 06:12:56.541] [main/DEBUG] [net.minecraftforge.registries.GameData/REGISTRIES]: Applying holder lookups: minecraft:frog_variant
[05Jun2026 06:12:56.541] [main/DEBUG] [net.minecraftforge.registries.GameData/REGISTRIES]: Holder lookups applied: minecraft:frog_variant
[05Jun2026 06:12:56.541] [main/DEBUG] [net.minecraftforge.registries.GameData/REGISTRIES]: Applying holder lookups: minecraft:banner_pattern
[05Jun2026 06:12:56.541] [main/DEBUG] [net.minecraftforge.registries.GameData/REGISTRIES]: Holder lookups applied: minecraft:banner_pattern
[05Jun2026 06:12:56.541] [main/DEBUG] [net.minecraftforge.registries.GameData/REGISTRIES]: Applying holder lookups: minecraft:instrument
[05Jun2026 06:12:56.542] [main/DEBUG] [net.minecraftforge.registries.GameData/REGISTRIES]: Holder lookups applied: minecraft:instrument
[05Jun2026 06:12:56.542] [main/DEBUG] [net.minecraftforge.registries.GameData/REGISTRIES]: Applying holder lookups: minecraft:decorated_pot_patterns
[05Jun2026 06:12:56.542] [main/DEBUG] [net.minecraftforge.registries.GameData/REGISTRIES]: Holder lookups applied: minecraft:decorated_pot_patterns
[05Jun2026 06:12:56.543] [main/DEBUG] [net.minecraftforge.registries.GameData/REGISTRIES]: Applying holder lookups: minecraft:creative_mode_tab
[05Jun2026 06:12:56.544] [main/DEBUG] [net.minecraftforge.registries.GameData/REGISTRIES]: Holder lookups applied: minecraft:creative_mode_tab
[05Jun2026 06:12:56.570] [main/DEBUG] [net.minecraftforge.registries.GameData/REGISTRIES]: Applying holder lookups: epicfight:conditions
[05Jun2026 06:12:56.571] [main/DEBUG] [net.minecraftforge.registries.GameData/REGISTRIES]: Holder lookups applied: epicfight:conditions
[05Jun2026 06:12:56.574] [main/DEBUG] [mixin/]: Mixing SkillContainerMixin from invincible.mixins.json into yesman.epicfight.skill.SkillContainer
[05Jun2026 06:12:56.601] [main/INFO] [statmod/]: Registered 60 Epic Fight skills for STAT Mod
[05Jun2026 06:12:56.693] [main/DEBUG] [net.minecraftforge.registries.GameData/REGISTRIES]: Applying holder lookups: epicfight:skill
[05Jun2026 06:12:56.694] [main/DEBUG] [net.minecraftforge.registries.GameData/REGISTRIES]: Holder lookups applied: epicfight:skill
[05Jun2026 06:12:56.696] [main/DEBUG] [net.minecraftforge.registries.GameData/REGISTRIES]: Applying holder lookups: epicfight:skill_data_keys
[05Jun2026 06:12:56.697] [main/DEBUG] [net.minecraftforge.registries.GameData/REGISTRIES]: Holder lookups applied: epicfight:skill_data_keys
[05Jun2026 06:12:56.698] [main/DEBUG] [net.minecraftforge.registries.GameData/REGISTRIES]: Applying holder lookups: epicfight:synched_animation_variable_keys
[05Jun2026 06:12:56.699] [main/DEBUG] [net.minecraftforge.registries.GameData/REGISTRIES]: Holder lookups applied: epicfight:synched_animation_variable_keys
[05Jun2026 06:12:56.708] [main/DEBUG] [net.minecraftforge.registries.GameData/REGISTRIES]: Applying holder lookups: forge:biome_modifier_serializers
[05Jun2026 06:12:56.709] [main/DEBUG] [net.minecraftforge.registries.GameData/REGISTRIES]: Holder lookups applied: forge:biome_modifier_serializers
[05Jun2026 06:12:56.710] [main/DEBUG] [net.minecraftforge.registries.GameData/REGISTRIES]: Applying holder lookups: forge:display_contexts
[05Jun2026 06:12:56.710] [main/DEBUG] [net.minecraftforge.registries.GameData/REGISTRIES]: Holder lookups applied: forge:display_contexts
[05Jun2026 06:12:56.711] [main/DEBUG] [net.minecraftforge.registries.GameData/REGISTRIES]: Applying holder lookups: forge:entity_data_serializers
[05Jun2026 06:12:56.711] [main/DEBUG] [net.minecraftforge.registries.GameData/REGISTRIES]: Holder lookups applied: forge:entity_data_serializers
[05Jun2026 06:12:56.716] [main/DEBUG] [net.minecraftforge.registries.GameData/REGISTRIES]: Applying holder lookups: forge:fluid_type
[05Jun2026 06:12:56.717] [main/DEBUG] [net.minecraftforge.registries.GameData/REGISTRIES]: Holder lookups applied: forge:fluid_type
[05Jun2026 06:12:56.720] [main/DEBUG] [net.minecraftforge.registries.GameData/REGISTRIES]: Applying holder lookups: forge:global_loot_modifier_serializers
[05Jun2026 06:12:56.720] [main/DEBUG] [net.minecraftforge.registries.GameData/REGISTRIES]: Holder lookups applied: forge:global_loot_modifier_serializers
[05Jun2026 06:12:56.728] [main/DEBUG] [net.minecraftforge.registries.GameData/REGISTRIES]: Applying holder lookups: forge:holder_set_type
[05Jun2026 06:12:56.729] [main/DEBUG] [net.minecraftforge.registries.GameData/REGISTRIES]: Holder lookups applied: forge:holder_set_type
[05Jun2026 06:12:56.730] [main/DEBUG] [net.minecraftforge.registries.GameData/REGISTRIES]: Applying holder lookups: forge:structure_modifier_serializers
[05Jun2026 06:12:56.730] [main/DEBUG] [net.minecraftforge.registries.GameData/REGISTRIES]: Holder lookups applied: forge:structure_modifier_serializers
[05Jun2026 06:12:56.730] [main/DEBUG] [net.minecraftforge.registries.GameData/REGISTRIES]: Applying holder lookups: minecraft:worldgen/biome
[05Jun2026 06:12:56.730] [main/DEBUG] [net.minecraftforge.registries.GameData/REGISTRIES]: Holder lookups applied: minecraft:worldgen/biome
[05Jun2026 06:12:56.763] [main/WARN] [net.minecraft.network.syncher.SynchedEntityData/]: defineId called for: class net.minecraft.world.entity.player.Player from class yesman.epicfight.world.capabilities.entitypatch.player.PlayerPatch
[05Jun2026 06:12:56.787] [main/WARN] [net.minecraft.network.syncher.SynchedEntityData/]: defineId called for: class net.minecraft.world.entity.boss.wither.WitherBoss from class yesman.epicfight.world.capabilities.entitypatch.boss.WitherPatch
[05Jun2026 06:12:56.788] [main/WARN] [net.minecraft.network.syncher.SynchedEntityData/]: defineId called for: class net.minecraft.world.entity.boss.wither.WitherBoss from class yesman.epicfight.world.capabilities.entitypatch.boss.WitherPatch
[05Jun2026 06:12:56.788] [main/WARN] [net.minecraft.network.syncher.SynchedEntityData/]: defineId called for: class net.minecraft.world.entity.boss.wither.WitherBoss from class yesman.epicfight.world.capabilities.entitypatch.boss.WitherPatch
[05Jun2026 06:12:56.788] [main/WARN] [net.minecraft.network.syncher.SynchedEntityData/]: defineId called for: class net.minecraft.world.entity.boss.wither.WitherBoss from class yesman.epicfight.world.capabilities.entitypatch.boss.WitherPatch
[05Jun2026 06:12:56.788] [main/WARN] [net.minecraft.network.syncher.SynchedEntityData/]: defineId called for: class net.minecraft.world.entity.boss.wither.WitherBoss from class yesman.epicfight.world.capabilities.entitypatch.boss.WitherPatch
[05Jun2026 06:12:56.788] [main/WARN] [net.minecraft.network.syncher.SynchedEntityData/]: defineId called for: class net.minecraft.world.entity.boss.wither.WitherBoss from class yesman.epicfight.world.capabilities.entitypatch.boss.WitherPatch
[05Jun2026 06:12:56.788] [main/WARN] [net.minecraft.network.syncher.SynchedEntityData/]: defineId called for: class net.minecraft.world.entity.boss.wither.WitherBoss from class yesman.epicfight.world.capabilities.entitypatch.boss.WitherPatch
[05Jun2026 06:12:56.788] [main/WARN] [net.minecraft.network.syncher.SynchedEntityData/]: defineId called for: class net.minecraft.world.entity.boss.wither.WitherBoss from class yesman.epicfight.world.capabilities.entitypatch.boss.WitherPatch
[05Jun2026 06:12:56.788] [main/WARN] [net.minecraft.network.syncher.SynchedEntityData/]: defineId called for: class net.minecraft.world.entity.boss.wither.WitherBoss from class yesman.epicfight.world.capabilities.entitypatch.boss.WitherPatch
[05Jun2026 06:12:56.819] [main/DEBUG] [net.minecraftforge.fml.config.ConfigTracker/CONFIG]: Loading configs type COMMON
[05Jun2026 06:12:56.821] [main/DEBUG] [net.minecraftforge.fml.config.ConfigFileTypeHandler/CONFIG]: Built TOML config for C:\Users\El Hadji\Downloads\STAT_MOD\SIHRIYA\run-clean\config\statmod-common.toml
[05Jun2026 06:12:56.823] [main/DEBUG] [net.minecraftforge.fml.config.ConfigFileTypeHandler/CONFIG]: Loaded TOML config file C:\Users\El Hadji\Downloads\STAT_MOD\SIHRIYA\run-clean\config\statmod-common.toml
[05Jun2026 06:12:56.828] [main/DEBUG] [net.minecraftforge.fml.config.ConfigFileTypeHandler/CONFIG]: Watching TOML config file C:\Users\El Hadji\Downloads\STAT_MOD\SIHRIYA\run-clean\config\statmod-common.toml for changes
[05Jun2026 06:12:56.836] [main/DEBUG] [net.minecraftforge.fml.config.ConfigFileTypeHandler/CONFIG]: Built TOML config for C:\Users\El Hadji\Downloads\STAT_MOD\SIHRIYA\run-clean\config\invincible-common.toml
[05Jun2026 06:12:56.837] [main/DEBUG] [net.minecraftforge.fml.config.ConfigFileTypeHandler/CONFIG]: Loaded TOML config file C:\Users\El Hadji\Downloads\STAT_MOD\SIHRIYA\run-clean\config\invincible-common.toml
[05Jun2026 06:12:56.838] [main/DEBUG] [net.minecraftforge.fml.config.ConfigFileTypeHandler/CONFIG]: Watching TOML config file C:\Users\El Hadji\Downloads\STAT_MOD\SIHRIYA\run-clean\config\invincible-common.toml for changes
[05Jun2026 06:12:56.841] [main/DEBUG] [net.minecraftforge.fml.config.ConfigFileTypeHandler/CONFIG]: Built TOML config for C:\Users\El Hadji\Downloads\STAT_MOD\SIHRIYA\run-clean\config\epicfight-common.toml
[05Jun2026 06:12:56.842] [main/DEBUG] [net.minecraftforge.fml.config.ConfigFileTypeHandler/CONFIG]: Loaded TOML config file C:\Users\El Hadji\Downloads\STAT_MOD\SIHRIYA\run-clean\config\epicfight-common.toml
[05Jun2026 06:12:56.847] [main/DEBUG] [net.minecraftforge.fml.config.ConfigFileTypeHandler/CONFIG]: Watching TOML config file C:\Users\El Hadji\Downloads\STAT_MOD\SIHRIYA\run-clean\config\epicfight-common.toml for changes
[05Jun2026 06:12:56.855] [Thread-1/DEBUG] [net.minecraftforge.fml.config.ConfigFileTypeHandler/CONFIG]: Config file statmod-common.toml changed, sending notifies
[05Jun2026 06:12:56.868] [modloading-worker-0/DEBUG] [mixin/]: Mixing EntityPatchProviderAccessor from invincible.mixins.json into yesman.epicfight.world.capabilities.provider.EntityPatchProvider
[05Jun2026 06:12:56.869] [modloading-worker-0/DEBUG] [mixin/]: Renaming @Accessor method getCapabilities()Ljava/util/Map; to getCapabilities_$md$019354$0 in invincible.mixins.json:EntityPatchProviderAccessor
[05Jun2026 06:12:56.876] [modloading-worker-0/DEBUG] [mixin/]: Renaming @Accessor method getCustomCapabilities()Ljava/util/Map; to getCustomCapabilities_$md$019354$1 in invincible.mixins.json:EntityPatchProviderAccessor
[05Jun2026 06:12:56.927] [modloading-worker-0/INFO] [statmod/]: Registered 23 stats across 5 categories
[05Jun2026 06:12:56.927] [modloading-worker-0/DEBUG] [statmod/]:   COMBAT: 7 stats
[05Jun2026 06:12:56.928] [modloading-worker-0/DEBUG] [statmod/]:   MAGIC: 9 stats
[05Jun2026 06:12:56.928] [modloading-worker-0/DEBUG] [statmod/]:   SURVIVAL: 2 stats
[05Jun2026 06:12:56.928] [modloading-worker-0/DEBUG] [statmod/]:   CRAFTING: 3 stats
[05Jun2026 06:12:56.928] [modloading-worker-0/DEBUG] [statmod/]:   MENTAL: 2 stats
[05Jun2026 06:12:56.928] [modloading-worker-0/INFO] [statmod/]: Stat scaling formulas initialized
[05Jun2026 06:12:56.928] [modloading-worker-0/INFO] [statmod/]:   XP curve: (level+1)*40 — Level 100 requires 4040 XP
[05Jun2026 06:12:56.931] [modloading-worker-0/INFO] [statmod/]:   Damage bonus range: 0% - 20%
[05Jun2026 06:12:56.931] [modloading-worker-0/INFO] [statmod/]: Epic Fight detected — deep integration enabled
[05Jun2026 06:12:56.935] [modloading-worker-0/INFO] [statmod/]: Epic Parcool not detected — STAT integration disabled
[05Jun2026 06:12:56.938] [modloading-worker-0/INFO] [statmod/]: Registered stat requirements for 176 skills
[05Jun2026 06:12:56.939] [modloading-worker-0/INFO] [statmod/]: Loaded plugin: kubejs (priority=900)
[05Jun2026 06:12:56.941] [modloading-worker-0/INFO] [statmod/]: Plugin system ready — 1 plugins loaded
[05Jun2026 06:12:56.955] [modloading-worker-0/INFO] [statmod/]: [COMPAT] Epic Fight detected
[05Jun2026 06:12:56.955] [modloading-worker-0/INFO] [statmod/]: [COMPAT] Loaded 3 other mods — no known attribute conflicts detected
[05Jun2026 06:12:56.956] [modloading-worker-0/INFO] [statmod/]: Mod compat:(0 compatible mods)
[05Jun2026 06:12:56.956] [modloading-worker-0/INFO] [statmod/]: === STAT Mod Diagnostic ===
[05Jun2026 06:12:56.956] [modloading-worker-0/INFO] [statmod/]:   Minecraft: 1.20.1
[05Jun2026 06:12:56.956] [modloading-worker-0/INFO] [statmod/]:   Forge: 47.4.20
[05Jun2026 06:12:56.957] [modloading-worker-0/INFO] [statmod/]:   Stats: 23 registered
[05Jun2026 06:12:56.957] [modloading-worker-0/INFO] [statmod/]:   Skills: 60 registered via SkillBuildEvent
[05Jun2026 06:12:56.958] [modloading-worker-0/INFO] [statmod/]:   Perks: 42 defined
[05Jun2026 06:12:56.958] [modloading-worker-0/INFO] [statmod/]:   Commands: /statmod [list|get|set|xp|reset|backup|restore|preset|profile|benchmark|top|respec|party]
[05Jun2026 06:12:56.958] [modloading-worker-0/INFO] [statmod/]:   Config: 30 values configurable
[05Jun2026 06:12:56.958] [modloading-worker-0/INFO] [statmod/]:   Network: 8 packet types registered
[05Jun2026 06:12:56.958] [modloading-worker-0/INFO] [statmod/]:   Plugin API: 1 plugins loaded
[05Jun2026 06:12:56.958] [modloading-worker-0/INFO] [statmod/]: ==============================
[05Jun2026 06:12:56.958] [modloading-worker-0/INFO] [statmod/]: STAT Mod loaded!
[05Jun2026 06:12:56.959] [main/DEBUG] [net.minecraftforge.fml.DeferredWorkQueue/LOADING]: Dispatching synchronous work for work queue COMMON_SETUP: 13 jobs
[05Jun2026 06:12:56.967] [main/DEBUG] [sihriya/]: Registered school: fire
[05Jun2026 06:12:56.967] [main/DEBUG] [sihriya/]: Registered school: water
[05Jun2026 06:12:56.967] [main/DEBUG] [sihriya/]: Registered school: wind
[05Jun2026 06:12:56.967] [main/DEBUG] [sihriya/]: Registered school: earth
[05Jun2026 06:12:56.968] [main/DEBUG] [sihriya/]: Registered school: lightning
[05Jun2026 06:12:56.968] [main/DEBUG] [sihriya/]: Registered school: ice
[05Jun2026 06:12:56.968] [main/DEBUG] [sihriya/]: Registered school: lava
[05Jun2026 06:12:56.968] [main/DEBUG] [sihriya/]: Registered school: necromancy
[05Jun2026 06:12:56.968] [main/DEBUG] [sihriya/]: Registered school: lumamancy
[05Jun2026 06:12:56.980] [main/DEBUG] [sihriya/]: Registered spell: fire.spark
[05Jun2026 06:12:56.981] [main/DEBUG] [sihriya/]: Registered spell: fire.living_torch
[05Jun2026 06:12:56.981] [main/DEBUG] [sihriya/]: Registered spell: fire.fireball
[05Jun2026 06:12:56.981] [main/DEBUG] [sihriya/]: Registered spell: fire.wall_of_flames
[05Jun2026 06:12:56.981] [main/DEBUG] [sihriya/]: Registered spell: fire.fiery_breath
[05Jun2026 06:12:56.981] [main/DEBUG] [sihriya/]: Registered spell: fire.fire_nova
[05Jun2026 06:12:56.981] [main/DEBUG] [sihriya/]: Registered spell: fire.blazing_armor
[05Jun2026 06:12:56.981] [main/DEBUG] [sihriya/]: Registered spell: fire.comet
[05Jun2026 06:12:56.981] [main/DEBUG] [sihriya/]: Registered spell: fire.infernal_pillar
[05Jun2026 06:12:56.981] [main/DEBUG] [sihriya/]: Registered spell: fire.ash_storm
[05Jun2026 06:12:56.981] [main/DEBUG] [sihriya/]: Registered spell: fire.fusion
[05Jun2026 06:12:56.981] [main/DEBUG] [sihriya/]: Registered spell: fire.summoned_phoenix
[05Jun2026 06:12:56.981] [main/DEBUG] [sihriya/]: Registered spell: fire.meteor_shower
[05Jun2026 06:12:56.981] [main/DEBUG] [sihriya/]: Registered spell: fire.blazing_sun
[05Jun2026 06:12:56.981] [main/DEBUG] [sihriya/]: Registered spell: water.water_jet
[05Jun2026 06:12:56.981] [main/DEBUG] [sihriya/]: Registered spell: water.walk_on_water
[05Jun2026 06:12:56.981] [main/DEBUG] [sihriya/]: Registered spell: water.air_bubble
[05Jun2026 06:12:56.981] [main/DEBUG] [sihriya/]: Registered spell: water.liquid_shield
[05Jun2026 06:12:56.981] [main/DEBUG] [sihriya/]: Registered spell: water.crushing_wave
[05Jun2026 06:12:56.981] [main/DEBUG] [sihriya/]: Registered spell: water.water_prison
[05Jun2026 06:12:56.981] [main/DEBUG] [sihriya/]: Registered spell: water.healing_rain
[05Jun2026 06:12:56.981] [main/DEBUG] [sihriya/]: Registered spell: water.maelstrom
[05Jun2026 06:12:56.981] [main/DEBUG] [sihriya/]: Registered spell: water.deluge
[05Jun2026 06:12:56.981] [main/DEBUG] [sihriya/]: Registered spell: water.geysers
[05Jun2026 06:12:56.981] [main/DEBUG] [sihriya/]: Registered spell: water.liquid_form
[05Jun2026 06:12:56.981] [main/DEBUG] [sihriya/]: Registered spell: water.tidal_wave
[05Jun2026 06:12:56.981] [main/DEBUG] [sihriya/]: Registered spell: water.ice_armor
[05Jun2026 06:12:56.981] [main/DEBUG] [sihriya/]: Registered spell: water.eye_of_deluge
[05Jun2026 06:12:56.981] [main/DEBUG] [sihriya/]: Registered spell: wind.gust
[05Jun2026 06:12:56.981] [main/DEBUG] [sihriya/]: Registered spell: wind.wind_step
[05Jun2026 06:12:56.981] [main/DEBUG] [sihriya/]: Registered spell: wind.air_shield
[05Jun2026 06:12:56.981] [main/DEBUG] [sihriya/]: Registered spell: wind.whistle
[05Jun2026 06:12:56.981] [main/DEBUG] [sihriya/]: Registered spell: wind.air_blade
[05Jun2026 06:12:56.981] [main/DEBUG] [sihriya/]: Registered spell: wind.brief_flight
[05Jun2026 06:12:56.982] [main/DEBUG] [sihriya/]: Registered spell: wind.whirlwind
[05Jun2026 06:12:56.982] [main/DEBUG] [sihriya/]: Registered spell: wind.dust_storm
[05Jun2026 06:12:56.982] [main/DEBUG] [sihriya/]: Registered spell: wind.wind_speed
[05Jun2026 06:12:56.982] [main/DEBUG] [sihriya/]: Registered spell: wind.wind_cage
[05Jun2026 06:12:56.982] [main/DEBUG] [sihriya/]: Registered spell: wind.storm_blades
[05Jun2026 06:12:56.982] [main/DEBUG] [sihriya/]: Registered spell: wind.hurricane
[05Jun2026 06:12:56.982] [main/DEBUG] [sihriya/]: Registered spell: wind.ascension
[05Jun2026 06:12:56.982] [main/DEBUG] [sihriya/]: Registered spell: wind.eye_of_storm
[05Jun2026 06:12:56.982] [main/DEBUG] [sihriya/]: Registered spell: earth.rock_strike
[05Jun2026 06:12:56.982] [main/DEBUG] [sihriya/]: Registered spell: earth.stone_skin
[05Jun2026 06:12:56.982] [main/DEBUG] [sihriya/]: Registered spell: earth.tremor
[05Jun2026 06:12:56.982] [main/DEBUG] [sihriya/]: Registered spell: earth.stone_wall
[05Jun2026 06:12:56.982] [main/DEBUG] [sihriya/]: Registered spell: earth.rock_spike
[05Jun2026 06:12:56.982] [main/DEBUG] [sihriya/]: Registered spell: earth.stone_roots
[05Jun2026 06:12:56.982] [main/DEBUG] [sihriya/]: Registered spell: earth.absorption
[05Jun2026 06:12:56.982] [main/DEBUG] [sihriya/]: Registered spell: earth.fortress
[05Jun2026 06:12:56.982] [main/DEBUG] [sihriya/]: Registered spell: earth.avalanche
[05Jun2026 06:12:56.982] [main/DEBUG] [sihriya/]: Registered spell: earth.fissure
[05Jun2026 06:12:56.982] [main/DEBUG] [sihriya/]: Registered spell: earth.stone_golem
[05Jun2026 06:12:56.982] [main/DEBUG] [sihriya/]: Registered spell: earth.earthquake
[05Jun2026 06:12:56.982] [main/DEBUG] [sihriya/]: Registered spell: earth.earth_column
[05Jun2026 06:12:56.982] [main/DEBUG] [sihriya/]: Registered spell: earth.titan_awakening
[05Jun2026 06:12:56.982] [main/DEBUG] [sihriya/]: Registered spell: lightning.electric_arc
[05Jun2026 06:12:56.982] [main/DEBUG] [sihriya/]: Registered spell: lightning.discharge
[05Jun2026 06:12:56.982] [main/DEBUG] [sihriya/]: Registered spell: lightning.antenna
[05Jun2026 06:12:56.982] [main/DEBUG] [sihriya/]: Registered spell: lightning.chain_lightning
[05Jun2026 06:12:56.982] [main/DEBUG] [sihriya/]: Registered spell: lightning.lightning_armor
[05Jun2026 06:12:56.983] [main/DEBUG] [sihriya/]: Registered spell: lightning.acceleration
[05Jun2026 06:12:56.983] [main/DEBUG] [sihriya/]: Registered spell: lightning.paralysis
[05Jun2026 06:12:56.983] [main/DEBUG] [sihriya/]: Registered spell: lightning.electric_storm
[05Jun2026 06:12:56.983] [main/DEBUG] [sihriya/]: Registered spell: lightning.surge
[05Jun2026 06:12:56.983] [main/DEBUG] [sihriya/]: Registered spell: lightning.emp
[05Jun2026 06:12:56.983] [main/DEBUG] [sihriya/]: Registered spell: lightning.guided_lightning
[05Jun2026 06:12:56.983] [main/DEBUG] [sihriya/]: Registered spell: lightning.storm_call
[05Jun2026 06:12:56.983] [main/DEBUG] [sihriya/]: Registered spell: lightning.conduit
[05Jun2026 06:12:56.983] [main/DEBUG] [sihriya/]: Registered spell: lightning.celestial_judgment
[05Jun2026 06:12:56.983] [main/DEBUG] [sihriya/]: Registered spell: ice.frost_breath
[05Jun2026 06:12:56.983] [main/DEBUG] [sihriya/]: Registered spell: ice.ice_arrow
[05Jun2026 06:12:56.983] [main/DEBUG] [sihriya/]: Registered spell: ice.slippery_ground
[05Jun2026 06:12:56.983] [main/DEBUG] [sihriya/]: Registered spell: ice.ice_prison
[05Jun2026 06:12:56.983] [main/DEBUG] [sihriya/]: Registered spell: ice.frost_armor
[05Jun2026 06:12:56.983] [main/DEBUG] [sihriya/]: Registered spell: ice.stalactites
[05Jun2026 06:12:56.983] [main/DEBUG] [sihriya/]: Registered spell: ice.frost_steps
[05Jun2026 06:12:56.983] [main/DEBUG] [sihriya/]: Registered spell: ice.blizzard
[05Jun2026 06:12:56.983] [main/DEBUG] [sihriya/]: Registered spell: ice.freeze
[05Jun2026 06:12:56.983] [main/DEBUG] [sihriya/]: Registered spell: ice.ice_wall
[05Jun2026 06:12:56.983] [main/DEBUG] [sihriya/]: Registered spell: ice.frozen_heart
[05Jun2026 06:12:56.983] [main/DEBUG] [sihriya/]: Registered spell: ice.frostbite_storm
[05Jun2026 06:12:56.983] [main/DEBUG] [sihriya/]: Registered spell: ice.glacial_avalanche
[05Jun2026 06:12:56.983] [main/DEBUG] [sihriya/]: Registered spell: ice.ice_age
[05Jun2026 06:12:56.983] [main/DEBUG] [sihriya/]: Registered spell: lava.lava_jet
[05Jun2026 06:12:56.983] [main/DEBUG] [sihriya/]: Registered spell: lava.burning_puddle
[05Jun2026 06:12:56.983] [main/DEBUG] [sihriya/]: Registered spell: lava.magma_shield
[05Jun2026 06:12:56.983] [main/DEBUG] [sihriya/]: Registered spell: lava.volcanic_fissure
[05Jun2026 06:12:56.983] [main/DEBUG] [sihriya/]: Registered spell: lava.magma_bomb
[05Jun2026 06:12:56.984] [main/DEBUG] [sihriya/]: Registered spell: lava.magma_armor
[05Jun2026 06:12:56.984] [main/DEBUG] [sihriya/]: Registered spell: lava.lava_walk
[05Jun2026 06:12:56.984] [main/DEBUG] [sihriya/]: Registered spell: lava.magma_wall
[05Jun2026 06:12:56.984] [main/DEBUG] [sihriya/]: Registered spell: lava.lava_rain
[05Jun2026 06:12:56.984] [main/DEBUG] [sihriya/]: Registered spell: lava.incandescent_ground
[05Jun2026 06:12:56.984] [main/DEBUG] [sihriya/]: Registered spell: lava.magma_wave
[05Jun2026 06:12:56.984] [main/DEBUG] [sihriya/]: Registered spell: lava.eruption
[05Jun2026 06:12:56.984] [main/DEBUG] [sihriya/]: Registered spell: lava.magmatic_form
[05Jun2026 06:12:56.984] [main/DEBUG] [sihriya/]: Registered spell: lava.volcanic_awakening
[05Jun2026 06:12:56.984] [main/DEBUG] [sihriya/]: Registered spell: necromancy.drain_vital
[05Jun2026 06:12:56.985] [main/DEBUG] [sihriya/]: Registered spell: necromancy.death_touch
[05Jun2026 06:12:56.985] [main/DEBUG] [sihriya/]: Registered spell: necromancy.death_veil
[05Jun2026 06:12:56.985] [main/DEBUG] [sihriya/]: Registered spell: necromancy.corrupted_resurrection
[05Jun2026 06:12:56.985] [main/DEBUG] [sihriya/]: Registered spell: necromancy.lethal_curse
[05Jun2026 06:12:56.985] [main/DEBUG] [sihriya/]: Registered spell: necromancy.soul_rend
[05Jun2026 06:12:56.985] [main/DEBUG] [sihriya/]: Registered spell: necromancy.soul_chains
[05Jun2026 06:12:56.985] [main/DEBUG] [sihriya/]: Registered spell: necromancy.army_of_dead
[05Jun2026 06:12:56.985] [main/DEBUG] [sihriya/]: Registered spell: necromancy.soul_corruption
[05Jun2026 06:12:56.985] [main/DEBUG] [sihriya/]: Registered spell: necromancy.rift
[05Jun2026 06:12:56.985] [main/DEBUG] [sihriya/]: Registered spell: necromancy.terror
[05Jun2026 06:12:56.985] [main/DEBUG] [sihriya/]: Registered spell: necromancy.the_void
[05Jun2026 06:12:56.985] [main/DEBUG] [sihriya/]: Registered spell: necromancy.shroud_of_shadows
[05Jun2026 06:12:56.985] [main/DEBUG] [sihriya/]: Registered spell: necromancy.hand_of_nox
[05Jun2026 06:12:56.985] [main/DEBUG] [sihriya/]: Registered spell: lumamancy.light_shard
[05Jun2026 06:12:56.985] [main/DEBUG] [sihriya/]: Registered spell: lumamancy.sacred_light
[05Jun2026 06:12:56.985] [main/DEBUG] [sihriya/]: Registered spell: lumamancy.light_purification
[05Jun2026 06:12:56.985] [main/DEBUG] [sihriya/]: Registered spell: lumamancy.sacred_aura
[05Jun2026 06:12:56.985] [main/DEBUG] [sihriya/]: Registered spell: lumamancy.blessed_heal
[05Jun2026 06:12:56.985] [main/DEBUG] [sihriya/]: Registered spell: lumamancy.divine_shield
[05Jun2026 06:12:56.985] [main/DEBUG] [sihriya/]: Registered spell: lumamancy.blessing
[05Jun2026 06:12:56.985] [main/DEBUG] [sihriya/]: Registered spell: lumamancy.greater_purification
[05Jun2026 06:12:56.985] [main/DEBUG] [sihriya/]: Registered spell: lumamancy.healing_wave
[05Jun2026 06:12:56.986] [main/DEBUG] [sihriya/]: Registered spell: lumamancy.holy_strike
[05Jun2026 06:12:56.986] [main/DEBUG] [sihriya/]: Registered spell: lumamancy.sanctuary
[05Jun2026 06:12:56.986] [main/DEBUG] [sihriya/]: Registered spell: lumamancy.resurrection
[05Jun2026 06:12:56.986] [main/DEBUG] [sihriya/]: Registered spell: lumamancy.judgment
[05Jun2026 06:12:56.986] [main/DEBUG] [sihriya/]: Registered spell: lumamancy.miracle_of_aelira
[05Jun2026 06:12:56.986] [main/DEBUG] [sihriya/]: Registered spell: fire.dancing_embers
[05Jun2026 06:12:56.986] [main/DEBUG] [sihriya/]: Registered spell: fire.fire_piston_strike
[05Jun2026 06:12:56.986] [main/DEBUG] [sihriya/]: Registered spell: fire.brands_mark
[05Jun2026 06:12:56.986] [main/DEBUG] [sihriya/]: Registered spell: fire.flying_ashes
[05Jun2026 06:12:56.986] [main/DEBUG] [sihriya/]: Registered spell: fire.fire_lance
[05Jun2026 06:12:56.986] [main/DEBUG] [sihriya/]: Registered spell: fire.minor_eruption
[05Jun2026 06:12:56.986] [main/DEBUG] [sihriya/]: Registered spell: fire.flame_dance
[05Jun2026 06:12:56.986] [main/DEBUG] [sihriya/]: Registered spell: fire.furnace
[05Jun2026 06:12:56.986] [main/DEBUG] [sihriya/]: Registered spell: fire.dragons_breath
[05Jun2026 06:12:56.987] [main/DEBUG] [sihriya/]: Registered spell: fire.fire_wheel
[05Jun2026 06:12:56.987] [main/DEBUG] [sihriya/]: Registered spell: fire.furnace_heart
[05Jun2026 06:12:56.987] [main/DEBUG] [sihriya/]: Registered spell: fire.piercing_meteor
[05Jun2026 06:12:56.987] [main/DEBUG] [sihriya/]: Registered spell: fire.infinite_brazier
[05Jun2026 06:12:56.987] [main/DEBUG] [sihriya/]: Registered spell: fire.apocalypse_ignited
[05Jun2026 06:12:56.987] [main/DEBUG] [sihriya/]: Registered spell: water.sharp_drop
[05Jun2026 06:12:56.987] [main/DEBUG] [sihriya/]: Registered spell: water.fog
[05Jun2026 06:12:56.987] [main/DEBUG] [sihriya/]: Registered spell: water.holy_water
[05Jun2026 06:12:56.987] [main/DEBUG] [sihriya/]: Registered spell: water.ascending_current
[05Jun2026 06:12:56.987] [main/DEBUG] [sihriya/]: Registered spell: water.water_lace
[05Jun2026 06:12:56.987] [main/DEBUG] [sihriya/]: Registered spell: water.aquatic_purge
[05Jun2026 06:12:56.987] [main/DEBUG] [sihriya/]: Registered spell: water.pressure_wave
[05Jun2026 06:12:56.987] [main/DEBUG] [sihriya/]: Registered spell: water.abyssal_well
[05Jun2026 06:12:56.987] [main/DEBUG] [sihriya/]: Registered spell: water.water_mirror
[05Jun2026 06:12:56.987] [main/DEBUG] [sihriya/]: Registered spell: water.liquid_blade
[05Jun2026 06:12:56.987] [main/DEBUG] [sihriya/]: Registered spell: water.local_flood
[05Jun2026 06:12:56.987] [main/DEBUG] [sihriya/]: Registered spell: water.black_tide
[05Jun2026 06:12:56.987] [main/DEBUG] [sihriya/]: Registered spell: water.evaporation
[05Jun2026 06:12:56.987] [main/DEBUG] [sihriya/]: Registered spell: water.primeval_deluge
[05Jun2026 06:12:56.987] [main/DEBUG] [sihriya/]: Registered spell: wind.whisper
[05Jun2026 06:12:56.987] [main/DEBUG] [sihriya/]: Registered spell: wind.air_scissors
[05Jun2026 06:12:56.987] [main/DEBUG] [sihriya/]: Registered spell: wind.protective_breath
[05Jun2026 06:12:56.987] [main/DEBUG] [sihriya/]: Registered spell: wind.minor_trombe
[05Jun2026 06:12:56.987] [main/DEBUG] [sihriya/]: Registered spell: wind.wind_feather
[05Jun2026 06:12:56.987] [main/DEBUG] [sihriya/]: Registered spell: wind.enhanced_throw
[05Jun2026 06:12:56.987] [main/DEBUG] [sihriya/]: Registered spell: wind.whip_strike
[05Jun2026 06:12:56.987] [main/DEBUG] [sihriya/]: Registered spell: wind.silent_gust
[05Jun2026 06:12:56.987] [main/DEBUG] [sihriya/]: Registered spell: wind.wind_circle
[05Jun2026 06:12:56.987] [main/DEBUG] [sihriya/]: Registered spell: wind.impaling_wind
[05Jun2026 06:12:56.987] [main/DEBUG] [sihriya/]: Registered spell: wind.brutal_ascension
[05Jun2026 06:12:56.987] [main/DEBUG] [sihriya/]: Registered spell: wind.air_vacuum
[05Jun2026 06:12:56.987] [main/DEBUG] [sihriya/]: Registered spell: wind.wind_corridor
[05Jun2026 06:12:56.987] [main/DEBUG] [sihriya/]: Registered spell: wind.ether_breath
[05Jun2026 06:12:56.987] [main/DEBUG] [sihriya/]: Registered spell: earth.clay_projectile
[05Jun2026 06:12:56.988] [main/DEBUG] [sihriya/]: Registered spell: earth.earth_sense
[05Jun2026 06:12:56.988] [main/DEBUG] [sihriya/]: Registered spell: earth.blinding_dust
[05Jun2026 06:12:56.988] [main/DEBUG] [sihriya/]: Registered spell: earth.stone_vise
[05Jun2026 06:12:56.988] [main/DEBUG] [sihriya/]: Registered spell: earth.trench
[05Jun2026 06:12:56.988] [main/DEBUG] [sihriya/]: Registered spell: earth.sand_armor
[05Jun2026 06:12:56.988] [main/DEBUG] [sihriya/]: Registered spell: earth.shield_strike
[05Jun2026 06:12:56.988] [main/DEBUG] [sihriya/]: Registered spell: earth.rock_path
[05Jun2026 06:12:56.988] [main/DEBUG] [sihriya/]: Registered spell: earth.targeted_quake
[05Jun2026 06:12:56.988] [main/DEBUG] [sihriya/]: Registered spell: earth.stone_statue
[05Jun2026 06:12:56.988] [main/DEBUG] [sihriya/]: Registered spell: earth.drill_through
[05Jun2026 06:12:56.988] [main/DEBUG] [sihriya/]: Registered spell: earth.earth_magnet
[05Jun2026 06:12:56.988] [main/DEBUG] [sihriya/]: Registered spell: earth.lithic_regen
[05Jun2026 06:12:56.988] [main/DEBUG] [sihriya/]: Registered spell: earth.earth_mother_wrath
[05Jun2026 06:12:56.988] [main/DEBUG] [sihriya/]: Registered spell: lightning.bouncing_spark
[05Jun2026 06:12:56.988] [main/DEBUG] [sihriya/]: Registered spell: lightning.static_charge
[05Jun2026 06:12:56.988] [main/DEBUG] [sihriya/]: Registered spell: lightning.electric_detection
[05Jun2026 06:12:56.988] [main/DEBUG] [sihriya/]: Registered spell: lightning.lightning_link
[05Jun2026 06:12:56.988] [main/DEBUG] [sihriya/]: Registered spell: lightning.faraday_cage
[05Jun2026 06:12:56.988] [main/DEBUG] [sihriya/]: Registered spell: lightning.electro_muscle
[05Jun2026 06:12:56.988] [main/DEBUG] [sihriya/]: Registered spell: lightning.underground_arc
[05Jun2026 06:12:56.988] [main/DEBUG] [sihriya/]: Registered spell: lightning.plasma_orb
[05Jun2026 06:12:56.988] [main/DEBUG] [sihriya/]: Registered spell: lightning.electric_conversion
[05Jun2026 06:12:56.988] [main/DEBUG] [sihriya/]: Registered spell: lightning.fan_arc
[05Jun2026 06:12:56.988] [main/DEBUG] [sihriya/]: Registered spell: lightning.electrostatic_storm
[05Jun2026 06:12:56.988] [main/DEBUG] [sihriya/]: Registered spell: lightning.rainbow_arc
[05Jun2026 06:12:56.988] [main/DEBUG] [sihriya/]: Registered spell: lightning.storm_heart
[05Jun2026 06:12:56.988] [main/DEBUG] [sihriya/]: Registered spell: lightning.wrath_of_zeus
[05Jun2026 06:12:56.988] [main/DEBUG] [sihriya/]: Registered spell: ice.shiver
[05Jun2026 06:12:56.988] [main/DEBUG] [sihriya/]: Registered spell: ice.ground_frost
[05Jun2026 06:12:56.988] [main/DEBUG] [sihriya/]: Registered spell: ice.frozen_breath
[05Jun2026 06:12:56.988] [main/DEBUG] [sihriya/]: Registered spell: ice.frost_crystal
[05Jun2026 06:12:56.988] [main/DEBUG] [sihriya/]: Registered spell: ice.iceberg_lance
[05Jun2026 06:12:56.988] [main/DEBUG] [sihriya/]: Registered spell: ice.rapid_cooling
[05Jun2026 06:12:56.988] [main/DEBUG] [sihriya/]: Registered spell: ice.ice_thorns
[05Jun2026 06:12:56.988] [main/DEBUG] [sihriya/]: Registered spell: ice.cold_room
[05Jun2026 06:12:56.988] [main/DEBUG] [sihriya/]: Registered spell: ice.hail_wall
[05Jun2026 06:12:56.988] [main/DEBUG] [sihriya/]: Registered spell: ice.frost_link
[05Jun2026 06:12:56.989] [main/DEBUG] [sihriya/]: Registered spell: ice.frozen_heart_v2
[05Jun2026 06:12:56.989] [main/DEBUG] [sihriya/]: Registered spell: ice.diamond_prison
[05Jun2026 06:12:56.989] [main/DEBUG] [sihriya/]: Registered spell: ice.absolute_zero
[05Jun2026 06:12:56.989] [main/DEBUG] [sihriya/]: Registered spell: ice.eternal_winter
[05Jun2026 06:12:56.989] [main/DEBUG] [sihriya/]: Registered spell: lava.lava_splash
[05Jun2026 06:12:56.989] [main/DEBUG] [sihriya/]: Registered spell: lava.igneous_rock
[05Jun2026 06:12:56.989] [main/DEBUG] [sihriya/]: Registered spell: lava.heat_hindrance
[05Jun2026 06:12:56.989] [main/DEBUG] [sihriya/]: Registered spell: lava.volcanic_tears
[05Jun2026 06:12:56.989] [main/DEBUG] [sihriya/]: Registered spell: lava.lava_scar
[05Jun2026 06:12:56.989] [main/DEBUG] [sihriya/]: Registered spell: lava.slag_armor
[05Jun2026 06:12:56.989] [main/DEBUG] [sihriya/]: Registered spell: lava.smoke_breath
[05Jun2026 06:12:56.989] [main/DEBUG] [sihriya/]: Registered spell: lava.rock_fusion
[05Jun2026 06:12:56.989] [main/DEBUG] [sihriya/]: Registered spell: lava.pyroclastic_flow
[05Jun2026 06:12:56.989] [main/DEBUG] [sihriya/]: Registered spell: lava.magma_grenade
[05Jun2026 06:12:56.989] [main/DEBUG] [sihriya/]: Registered spell: lava.lava_pit
[05Jun2026 06:12:56.989] [main/DEBUG] [sihriya/]: Registered spell: lava.magma_heart
[05Jun2026 06:12:56.989] [main/DEBUG] [sihriya/]: Registered spell: lava.total_fusion
[05Jun2026 06:12:56.989] [main/DEBUG] [sihriya/]: Registered spell: lava.cataclysmic_eruption
[05Jun2026 06:12:56.989] [main/DEBUG] [sihriya/]: Registered spell: necromancy.broken_bones
[05Jun2026 06:12:56.989] [main/DEBUG] [sihriya/]: Registered spell: necromancy.empty_gaze
[05Jun2026 06:12:56.989] [main/DEBUG] [sihriya/]: Registered spell: necromancy.putrid_hand
[05Jun2026 06:12:56.989] [main/DEBUG] [sihriya/]: Registered spell: necromancy.suffering_transfer
[05Jun2026 06:12:56.989] [main/DEBUG] [sihriya/]: Registered spell: necromancy.grave_call
[05Jun2026 06:12:56.989] [main/DEBUG] [sihriya/]: Registered spell: necromancy.cold_fingers
[05Jun2026 06:12:56.989] [main/DEBUG] [sihriya/]: Registered spell: necromancy.blood_ritual
[05Jun2026 06:12:56.989] [main/DEBUG] [sihriya/]: Registered spell: necromancy.spectral_knight
[05Jun2026 06:12:56.989] [main/DEBUG] [sihriya/]: Registered spell: necromancy.decomposition
[05Jun2026 06:12:56.989] [main/DEBUG] [sihriya/]: Registered spell: necromancy.voices_of_dead
[05Jun2026 06:12:56.989] [main/DEBUG] [sihriya/]: Registered spell: necromancy.mark_of_sacrifice
[05Jun2026 06:12:56.989] [main/DEBUG] [sihriya/]: Registered spell: necromancy.soul_scythe
[05Jun2026 06:12:56.989] [main/DEBUG] [sihriya/]: Registered spell: necromancy.necropolis
[05Jun2026 06:12:56.990] [main/DEBUG] [sihriya/]: Registered spell: necromancy.macabre_dance
[05Jun2026 06:12:56.990] [main/DEBUG] [sihriya/]: Registered spell: lumamancy.blinding_ray
[05Jun2026 06:12:56.990] [main/DEBUG] [sihriya/]: Registered spell: lumamancy.glowing_wisp
[05Jun2026 06:12:56.990] [main/DEBUG] [sihriya/]: Registered spell: lumamancy.minor_blessing
[05Jun2026 06:12:56.990] [main/DEBUG] [sihriya/]: Registered spell: lumamancy.light_sword
[05Jun2026 06:12:56.990] [main/DEBUG] [sihriya/]: Registered spell: lumamancy.sacred_rampart
[05Jun2026 06:12:56.990] [main/DEBUG] [sihriya/]: Registered spell: lumamancy.minor_purification
[05Jun2026 06:12:56.990] [main/DEBUG] [sihriya/]: Registered spell: lumamancy.dazzling_flash
[05Jun2026 06:12:56.990] [main/DEBUG] [sihriya/]: Registered spell: lumamancy.pillar_of_light
[05Jun2026 06:12:56.990] [main/DEBUG] [sihriya/]: Registered spell: lumamancy.minor_angel
[05Jun2026 06:12:56.990] [main/DEBUG] [sihriya/]: Registered spell: lumamancy.redemption
[05Jun2026 06:12:56.990] [main/DEBUG] [sihriya/]: Registered spell: lumamancy.avenging_light
[05Jun2026 06:12:56.990] [main/DEBUG] [sihriya/]: Registered spell: lumamancy.celestial_portal
[05Jun2026 06:12:56.990] [main/DEBUG] [sihriya/]: Registered spell: lumamancy.aura_of_purity
[05Jun2026 06:12:56.990] [main/DEBUG] [sihriya/]: Registered spell: lumamancy.paradise_found
[05Jun2026 06:12:56.990] [main/INFO] [sihriya/]: Loaded 9 schools and 252 spells
[05Jun2026 06:12:57.000] [main/INFO] [sihriya/]: STAT Mod détecté et intégré !
[05Jun2026 06:12:57.002] [main/DEBUG] [sihriya/]: Fallback animation registered for type: PROJECTILE
[05Jun2026 06:12:57.002] [main/DEBUG] [sihriya/]: Fallback animation registered for type: ZONE
[05Jun2026 06:12:57.002] [main/DEBUG] [sihriya/]: Fallback animation registered for type: BUFF
[05Jun2026 06:12:57.002] [main/DEBUG] [sihriya/]: Fallback animation registered for type: SUMMON
[05Jun2026 06:12:57.002] [main/DEBUG] [sihriya/]: Fallback animation registered for type: ULTIMATE
[05Jun2026 06:12:57.002] [main/INFO] [sihriya/]: Epic Fight détecté et intégré !
[05Jun2026 06:12:57.003] [main/INFO] [sihriya/]: Iron's Spells 'n Spellbooks non détecté. Compatibilité désactivée.
[05Jun2026 06:12:57.003] [main/INFO] [sihriya/]: Sihriya chargé avec Epic Fight + STAT Mod !
[05Jun2026 06:12:57.082] [Forge Version Check/INFO] [net.minecraftforge.fml.VersionChecker/]: [forge] Starting version check at https://files.minecraftforge.net/net/minecraftforge/forge/promotions_slim.json
[05Jun2026 06:12:57.092] [main/DEBUG] [net.minecraftforge.fml.DeferredWorkQueue/LOADING]: Synchronous work queue completed in 132.8 ms
[05Jun2026 06:12:57.096] [main/DEBUG] [net.minecraftforge.registries.GameData/REGISTRIES]: Freezing registries
[05Jun2026 06:12:57.098] [main/DEBUG] [net.minecraftforge.registries.ForgeRegistry/REGISTRIES]: Registry minecraft:block Sync: FROZEN -> ACTIVE
[05Jun2026 06:12:57.103] [main/DEBUG] [net.minecraftforge.registries.ForgeRegistry/REGISTRIES]: Registry minecraft:fluid Sync: FROZEN -> ACTIVE
[05Jun2026 06:12:57.104] [main/DEBUG] [net.minecraftforge.registries.ForgeRegistry/REGISTRIES]: Registry minecraft:item Sync: FROZEN -> ACTIVE
[05Jun2026 06:12:57.111] [main/DEBUG] [net.minecraftforge.registries.ForgeRegistry/REGISTRIES]: Registry minecraft:mob_effect Sync: FROZEN -> ACTIVE
[05Jun2026 06:12:57.112] [main/DEBUG] [net.minecraftforge.registries.ForgeRegistry/REGISTRIES]: Registry minecraft:sound_event Sync: FROZEN -> ACTIVE
[05Jun2026 06:12:57.119] [main/DEBUG] [net.minecraftforge.registries.ForgeRegistry/REGISTRIES]: Registry minecraft:potion Sync: FROZEN -> ACTIVE
[05Jun2026 06:12:57.121] [main/DEBUG] [net.minecraftforge.registries.ForgeRegistry/REGISTRIES]: Registry minecraft:enchantment Sync: FROZEN -> ACTIVE
[05Jun2026 06:12:57.121] [main/DEBUG] [net.minecraftforge.registries.ForgeRegistry/REGISTRIES]: Registry minecraft:entity_type Sync: FROZEN -> ACTIVE
[05Jun2026 06:12:57.122] [main/DEBUG] [net.minecraftforge.registries.ForgeRegistry/REGISTRIES]: Registry minecraft:block_entity_type Sync: FROZEN -> ACTIVE
[05Jun2026 06:12:57.122] [main/DEBUG] [net.minecraftforge.registries.ForgeRegistry/REGISTRIES]: Registry minecraft:particle_type Sync: FROZEN -> ACTIVE
[05Jun2026 06:12:57.122] [main/DEBUG] [net.minecraftforge.registries.ForgeRegistry/REGISTRIES]: Registry minecraft:menu Sync: FROZEN -> ACTIVE
[05Jun2026 06:12:57.123] [main/DEBUG] [net.minecraftforge.registries.ForgeRegistry/REGISTRIES]: Registry minecraft:painting_variant Sync: FROZEN -> ACTIVE
[05Jun2026 06:12:57.123] [main/DEBUG] [net.minecraftforge.registries.ForgeRegistry/REGISTRIES]: Registry minecraft:recipe_type Sync: FROZEN -> ACTIVE
[05Jun2026 06:12:57.123] [main/DEBUG] [net.minecraftforge.registries.ForgeRegistry/REGISTRIES]: Registry minecraft:recipe_serializer Sync: FROZEN -> ACTIVE
[05Jun2026 06:12:57.123] [main/DEBUG] [net.minecraftforge.registries.ForgeRegistry/REGISTRIES]: Registry minecraft:attribute Sync: FROZEN -> ACTIVE
[05Jun2026 06:12:57.123] [main/DEBUG] [net.minecraftforge.registries.ForgeRegistry/REGISTRIES]: Registry minecraft:stat_type Sync: FROZEN -> ACTIVE
[05Jun2026 06:12:57.124] [main/DEBUG] [net.minecraftforge.registries.ForgeRegistry/REGISTRIES]: Registry minecraft:command_argument_type Sync: FROZEN -> ACTIVE
[05Jun2026 06:12:57.124] [main/DEBUG] [net.minecraftforge.registries.ForgeRegistry/REGISTRIES]: Registry minecraft:villager_profession Sync: FROZEN -> ACTIVE
[05Jun2026 06:12:57.124] [main/DEBUG] [net.minecraftforge.registries.ForgeRegistry/REGISTRIES]: Registry minecraft:point_of_interest_type Sync: FROZEN -> ACTIVE
[05Jun2026 06:12:57.126] [main/DEBUG] [net.minecraftforge.registries.ForgeRegistry/REGISTRIES]: Registry minecraft:memory_module_type Sync: FROZEN -> ACTIVE
[05Jun2026 06:12:57.127] [main/DEBUG] [net.minecraftforge.registries.ForgeRegistry/REGISTRIES]: Registry minecraft:sensor_type Sync: FROZEN -> ACTIVE
[05Jun2026 06:12:57.128] [main/DEBUG] [net.minecraftforge.registries.ForgeRegistry/REGISTRIES]: Registry minecraft:schedule Sync: FROZEN -> ACTIVE
[05Jun2026 06:12:57.128] [main/DEBUG] [net.minecraftforge.registries.ForgeRegistry/REGISTRIES]: Registry minecraft:activity Sync: FROZEN -> ACTIVE
[05Jun2026 06:12:57.128] [main/DEBUG] [net.minecraftforge.registries.ForgeRegistry/REGISTRIES]: Registry minecraft:worldgen/carver Sync: FROZEN -> ACTIVE
[05Jun2026 06:12:57.128] [main/DEBUG] [net.minecraftforge.registries.ForgeRegistry/REGISTRIES]: Registry minecraft:worldgen/feature Sync: FROZEN -> ACTIVE
[05Jun2026 06:12:57.128] [main/DEBUG] [net.minecraftforge.registries.ForgeRegistry/REGISTRIES]: Registry minecraft:chunk_status Sync: FROZEN -> ACTIVE
[05Jun2026 06:12:57.128] [main/DEBUG] [net.minecraftforge.registries.ForgeRegistry/REGISTRIES]: Registry minecraft:worldgen/block_state_provider_type Sync: FROZEN -> ACTIVE
[05Jun2026 06:12:57.129] [main/DEBUG] [net.minecraftforge.registries.ForgeRegistry/REGISTRIES]: Registry minecraft:worldgen/foliage_placer_type Sync: FROZEN -> ACTIVE
[05Jun2026 06:12:57.129] [main/DEBUG] [net.minecraftforge.registries.ForgeRegistry/REGISTRIES]: Registry minecraft:worldgen/tree_decorator_type Sync: FROZEN -> ACTIVE
[05Jun2026 06:12:57.129] [main/DEBUG] [net.minecraftforge.registries.ForgeRegistry/REGISTRIES]: Registry minecraft:worldgen/biome Sync: FROZEN -> ACTIVE
[05Jun2026 06:12:57.129] [main/DEBUG] [net.minecraftforge.registries.ForgeRegistry/REGISTRIES]: Registry forge:entity_data_serializers Sync: FROZEN -> ACTIVE
[05Jun2026 06:12:57.129] [main/DEBUG] [net.minecraftforge.registries.ForgeRegistry/REGISTRIES]: Registry forge:global_loot_modifier_serializers Sync: FROZEN -> ACTIVE
[05Jun2026 06:12:57.129] [main/DEBUG] [net.minecraftforge.registries.ForgeRegistry/REGISTRIES]: Registry forge:biome_modifier_serializers Sync: FROZEN -> ACTIVE
[05Jun2026 06:12:57.129] [main/DEBUG] [net.minecraftforge.registries.ForgeRegistry/REGISTRIES]: Registry forge:fluid_type Sync: FROZEN -> ACTIVE
[05Jun2026 06:12:57.129] [main/DEBUG] [net.minecraftforge.registries.ForgeRegistry/REGISTRIES]: Registry forge:structure_modifier_serializers Sync: FROZEN -> ACTIVE
[05Jun2026 06:12:57.129] [main/DEBUG] [net.minecraftforge.registries.ForgeRegistry/REGISTRIES]: Registry forge:holder_set_type Sync: FROZEN -> ACTIVE
[05Jun2026 06:12:57.129] [main/DEBUG] [net.minecraftforge.registries.ForgeRegistry/REGISTRIES]: Registry forge:display_contexts Sync: FROZEN -> ACTIVE
[05Jun2026 06:12:57.129] [main/DEBUG] [net.minecraftforge.registries.ForgeRegistry/REGISTRIES]: Registry epicfight:skill Sync: FROZEN -> ACTIVE
[05Jun2026 06:12:57.130] [main/DEBUG] [net.minecraftforge.registries.ForgeRegistry/REGISTRIES]: Registry epicfight:conditions Sync: FROZEN -> ACTIVE
[05Jun2026 06:12:57.130] [main/DEBUG] [net.minecraftforge.registries.ForgeRegistry/REGISTRIES]: Registry epicfight:skill_data_keys Sync: FROZEN -> ACTIVE
[05Jun2026 06:12:57.130] [main/DEBUG] [net.minecraftforge.registries.ForgeRegistry/REGISTRIES]: Registry epicfight:synched_animation_variable_keys Sync: FROZEN -> ACTIVE
[05Jun2026 06:12:57.805] [main/INFO] [epicfight/]: Data keys [epicfight:penalty, epicfight:penalty_restore_counter] for statmod:parry
[05Jun2026 06:12:57.805] [main/INFO] [epicfight/]: Data keys [epicfight:penalty, epicfight:penalty_restore_counter] for statmod:guard_fortress
[05Jun2026 06:12:57.805] [main/INFO] [epicfight/]: Data keys [epicfight:penalty, epicfight:penalty_restore_counter] for statmod:guard_iron_wall
[05Jun2026 06:12:57.805] [main/INFO] [epicfight/]: Data keys [invincible:right, invincible:dodge_success_timer, invincible:down, invincible:up, invincible:parry_timer, invincible:left, invincible:cooldown] for invincible:combo_demo
[05Jun2026 06:12:57.805] [main/INFO] [epicfight/]: Data keys [epicfight:combo_counter, epicfight:basic_attack_active] for epicfight:basic_attack
[05Jun2026 06:12:57.806] [main/INFO] [epicfight/]: Data keys [epicfight:penalty, epicfight:penalty_restore_counter] for epicfight:guard
[05Jun2026 06:12:57.806] [main/INFO] [epicfight/]: Data keys [epicfight:parry_motion_counter, epicfight:penalty, epicfight:penalty_restore_counter, epicfight:last_active] for epicfight:parrying
[05Jun2026 06:12:57.806] [main/INFO] [epicfight/]: Data keys [epicfight:penalty, epicfight:penalty_restore_counter] for epicfight:impact_guard
[05Jun2026 06:12:57.806] [main/INFO] [epicfight/]: Data keys [epicfight:stacks, epicfight:resisting_damage_type, epicfight:tick_record] for epicfight:adaptive_skin
[05Jun2026 06:12:57.806] [main/INFO] [epicfight/]: Data keys [epicfight:tick_record] for epicfight:adrenaline_fiend
[05Jun2026 06:12:57.806] [main/INFO] [epicfight/]: Data keys [epicfight:stacks, epicfight:entity_id] for epicfight:bonebreaker
[05Jun2026 06:12:57.806] [main/INFO] [epicfight/]: Data keys [epicfight:entity_id, epicfight:tick_record] for epicfight:vengeance
[05Jun2026 06:12:57.806] [main/INFO] [epicfight/]: Data keys [epicfight:slam_protect_next_fall, epicfight:fall_distance] for epicfight:meteor_slam
[05Jun2026 06:12:57.806] [main/INFO] [epicfight/]: Data keys [epicfight:stacks] for epicfight:revelation
[05Jun2026 06:12:57.806] [main/INFO] [epicfight/]: Data keys [epicfight:slam_protect_next_fall] for epicfight:demolition_leap
[05Jun2026 06:12:57.806] [main/INFO] [epicfight/]: Data keys [epicfight:jump_key_pressed_last_tick, epicfight:slam_protect_next_fall, epicfight:jump_count] for epicfight:phantom_ascent
[05Jun2026 06:12:57.806] [main/INFO] [epicfight/]: Data keys [epicfight:last_hit_count] for epicfight:grasping_spire
[05Jun2026 06:12:57.806] [main/INFO] [epicfight/]: Data keys [epicfight:sheath] for epicfight:battojutsu_passive
[05Jun2026 06:12:57.806] [main/INFO] [epicfight/]: Data keys [epicfight:sheath] for epicfight:battojutsu
[05Jun2026 06:12:57.806] [main/INFO] [epicfight/]: Data keys [epicfight:combo_counter] for epicfight:blade_rush
[05Jun2026 06:12:57.806] [main/INFO] [epicfight/]: Data keys [epicfight:thrown_trident_entity_id] for epicfight:everlasting_allegiance
[05Jun2026 06:12:57.807] [main/DEBUG] [net.minecraftforge.registries.GameData/REGISTRIES]: All registries frozen
[05Jun2026 06:12:57.830] [main/INFO] [com.mojang.authlib.yggdrasil.YggdrasilAuthenticationService/]: Environment: authHost='https://authserver.mojang.com', accountsHost='https://api.mojang.com', sessionHost='https://sessionserver.mojang.com', servicesHost='https://api.minecraftservices.com', name='PROD'
[05Jun2026 06:12:57.867] [main/WARN] [net.minecraft.server.packs.VanillaPackResourcesBuilder/]: Assets URL 'union:/C:/Users/El%20Hadji/.gradle/caches/forge_gradle/minecraft_user_repo/net/minecraftforge/forge/1.20.1-47.4.20_mapped_parchment_2023.09.03-1.20.1/forge-1.20.1-47.4.20_mapped_parchment_2023.09.03-1.20.1.jar%23191!/assets/.mcassetsroot' uses unexpected schema
[05Jun2026 06:12:57.868] [main/WARN] [net.minecraft.server.packs.VanillaPackResourcesBuilder/]: Assets URL 'union:/C:/Users/El%20Hadji/.gradle/caches/forge_gradle/minecraft_user_repo/net/minecraftforge/forge/1.20.1-47.4.20_mapped_parchment_2023.09.03-1.20.1/forge-1.20.1-47.4.20_mapped_parchment_2023.09.03-1.20.1.jar%23191!/data/.mcassetsroot' uses unexpected schema
[05Jun2026 06:12:57.900] [main/DEBUG] [net.minecraftforge.server.ServerLifecycleHooks/CORE]: Generating PackInfo named mod:statmod for mod file C:\Users\El Hadji\Downloads\STAT_MOD\STAT_MOD\build\libs\statmod-1.0.0.jar
[05Jun2026 06:12:57.901] [main/DEBUG] [net.minecraftforge.server.ServerLifecycleHooks/CORE]: Generating PackInfo named mod:invincible for mod file C:\Users\El Hadji\.gradle\caches\forge_gradle\deobf_dependencies\blank\epic-fight-invincible-lib-20.14.8.2-mc1.20.1-forge\20.14.8.2_mapped_parchment_2023.09.03-1.20.1\epic-fight-invincible-lib-20.14.8.2-mc1.20.1-forge-20.14.8.2_mapped_parchment_2023.09.03-1.20.1.jar
[05Jun2026 06:12:57.901] [main/DEBUG] [net.minecraftforge.server.ServerLifecycleHooks/CORE]: Generating PackInfo named mod:forge for mod file /
[05Jun2026 06:12:57.901] [main/DEBUG] [net.minecraftforge.server.ServerLifecycleHooks/CORE]: Generating PackInfo named mod:sihriya for mod file C:\Users\El Hadji\Downloads\STAT_MOD\SIHRIYA\build\resources\main
[05Jun2026 06:12:57.902] [main/DEBUG] [net.minecraftforge.server.ServerLifecycleHooks/CORE]: Generating PackInfo named mod:epicfight for mod file C:\Users\El Hadji\.gradle\caches\forge_gradle\deobf_dependencies\blank\epic-fight-20.14.17-mc1.20.1-forge\20.14.17_mapped_parchment_2023.09.03-1.20.1\epic-fight-20.14.17-mc1.20.1-forge-20.14.17_mapped_parchment_2023.09.03-1.20.1.jar
[05Jun2026 06:12:57.904] [main/INFO] [net.minecraft.server.MinecraftServer/]: Found new data pack sihriya_epicfight_data_fixes, loading it automatically
[05Jun2026 06:12:57.965] [Forge Version Check/DEBUG] [net.minecraftforge.fml.VersionChecker/]: [forge] Received version check data:
{
  "homepage": "https://files.minecraftforge.net/net/minecraftforge/forge/",
  "promos": {
    "1.1-latest": "1.3.4.29",
    "1.2.3-latest": "1.4.1.64",
    "1.2.4-latest": "2.0.0.68",
    "1.2.5-latest": "3.4.9.171",
    "1.3.2-latest": "4.3.5.318",
    "1.4.0-latest": "5.0.0.326",
    "1.4.1-latest": "6.0.0.329",
    "1.4.2-latest": "6.0.1.355",
    "1.4.3-latest": "6.2.1.358",
    "1.4.4-latest": "6.3.0.378",
    "1.4.5-latest": "6.4.2.448",
    "1.4.6-latest": "6.5.0.489",
    "1.4.7-latest": "6.6.2.534",
    "1.5-latest": "7.7.0.598",
    "1.5.1-latest": "7.7.2.682",
    "1.5.2-latest": "7.8.1.738",
    "1.5.2-recommended": "7.8.1.738",
    "1.6.1-latest": "8.9.0.775",
    "1.6.2-latest": "9.10.1.871",
    "1.6.2-recommended": "9.10.1.871",
    "1.6.3-latest": "9.11.0.878",
    "1.6.4-latest": "9.11.1.1345",
    "1.6.4-recommended": "9.11.1.1345",
    "1.7.2-latest": "10.12.2.1161",
    "1.7.2-recommended": "10.12.2.1161",
    "1.7.10-latest": "10.13.4.1614",
    "1.7.10-recommended": "10.13.4.1614",
    "1.8-latest": "11.14.4.1577",
    "1.8-recommended": "11.14.4.1563",
    "1.8.8-latest": "11.15.0.1655",
    "1.8.9-latest": "11.15.1.2318",
    "1.8.9-recommended": "11.15.1.2318",
    "1.9-latest": "12.16.1.1938",
    "1.9-recommended": "12.16.1.1887",
    "1.9.4-latest": "12.17.0.2317",
    "1.9.4-recommended": "12.17.0.2317",
    "1.10-latest": "12.18.0.2000",
    "1.10.2-latest": "12.18.3.2511",
    "1.10.2-recommended": "12.18.3.2511",
    "1.11-latest": "13.19.1.2199",
    "1.11-recommended": "13.19.1.2189",
    "1.11.2-latest": "13.20.1.2588",
    "1.11.2-recommended": "13.20.1.2588",
    "1.12-latest": "14.21.1.2443",
    "1.12-recommended": "14.21.1.2387",
    "1.12.1-latest": "14.22.1.2485",
    "1.12.1-recommended": "14.22.1.2478",
    "1.12.2-latest": "14.23.5.2864",
    "1.12.2-recommended": "14.23.5.2859",
    "1.13.2-latest": "25.0.223",
    "1.14.2-latest": "26.0.63",
    "1.14.3-latest": "27.0.60",
    "1.14.4-latest": "28.2.30",
    "1.14.4-recommended": "28.2.26",
    "1.15-latest": "29.0.4",
    "1.15.1-latest": "30.0.51",
    "1.15.2-latest": "31.2.60",
    "1.15.2-recommended": "31.2.57",
    "1.16.1-latest": "32.0.108",
    "1.16.2-latest": "33.0.61",
    "1.16.3-latest": "34.1.42",
    "1.16.3-recommended": "34.1.0",
    "1.16.4-latest": "35.1.37",
    "1.16.4-recommended": "35.1.4",
    "1.16.5-latest": "36.2.42",
    "1.16.5-recommended": "36.2.34",
    "1.17.1-latest": "37.1.1",
    "1.17.1-recommended": "37.1.1",
    "1.18-latest": "38.0.17",
    "1.18.1-latest": "39.1.2",
    "1.18.1-recommended": "39.1.0",
    "1.18.2-recommended": "40.3.0",
    "1.18.2-latest": "40.3.12",
    "1.19-latest": "41.1.0",
    "1.19-recommended": "41.1.0",
    "1.19.1-latest": "42.0.9",
    "1.19.2-recommended": "43.5.0",
    "1.19.2-latest": "43.5.2",
    "1.19.3-latest": "44.1.23",
    "1.19.3-recommended": "44.1.0",
    "1.19.4-recommended": "45.4.0",
    "1.19.4-latest": "45.4.3",
    "1.20-latest": "46.0.14",
    "1.20.1-recommended": "47.4.10",
    "1.20.1-latest": "47.4.20",
    "1.20.2-latest": "48.1.0",
    "1.20.2-recommended": "48.1.0",
    "1.20.3-latest": "49.0.2",
    "1.20.4-latest": "49.2.7",
    "1.20.4-recommended": "49.2.0",
    "1.20.6-latest": "50.2.8",
    "1.20.6-recommended": "50.2.0",
    "1.21-latest": "51.0.33",
    "1.21.1-latest": "52.1.14",
    "1.21.1-recommended": "52.1.0",
    "1.21.3-latest": "53.1.10",
    "1.21.3-recommended": "53.1.0",
    "1.21.4-latest": "54.1.16",
    "1.21.4-recommended": "54.1.14",
    "1.21.5-latest": "55.1.10",
    "1.21.5-recommended": "55.1.0",
    "1.21.6-latest": "56.0.9",
    "1.21.7-latest": "57.0.3",
    "1.21.8-latest": "58.1.18",
    "1.21.8-recommended": "58.1.0",
    "1.21.9-latest": "59.0.5",
    "1.21.10-latest": "60.1.9",
    "1.21.10-recommended": "60.1.0",
    "1.21.11-latest": "61.1.8",
    "1.21.11-recommended": "61.1.0",
    "26.1-latest": "62.0.9",
    "26.1.1-latest": "63.0.2",
    "26.1.2-latest": "64.0.8"
  }
}
[05Jun2026 06:12:57.966] [Forge Version Check/INFO] [net.minecraftforge.fml.VersionChecker/]: [forge] Found status: AHEAD Current: 47.4.20 Target: null
[05Jun2026 06:12:58.525] [main/DEBUG] [net.minecraftforge.coremod.transformer.CoreModBaseTransformer/COREMOD]: Transforming net/minecraft/server/commands/SummonCommand
[05Jun2026 06:12:58.648] [main/INFO] [sihriya/]: Sihriya commands registered
[05Jun2026 06:12:58.870] [Worker-Main-7/DEBUG] [net.minecraftforge.coremod.transformer.CoreModBaseTransformer/COREMOD]: Transforming net/minecraft/world/entity/raid/Raid
[05Jun2026 06:12:59.090] [main/INFO] [net.minecraft.world.item.crafting.RecipeManager/]: Loaded 7 recipes
[05Jun2026 06:12:59.156] [main/INFO] [net.minecraft.advancements.AdvancementList/]: Loaded 1290 advancements
[05Jun2026 06:13:02.656] [main/INFO] [sihriya/]: SpellAnimationLoader loaded 95 spell animation mappings from [sihriya:schools]
[05Jun2026 06:13:02.947] [main/DEBUG] [net.minecraftforge.common.ForgeHooks/WP]: Gathering id map for writing to world save world
[05Jun2026 06:13:02.966] [main/DEBUG] [net.minecraftforge.common.ForgeHooks/WP]: ID Map collection complete world
[05Jun2026 06:13:02.999] [Server thread/INFO] [net.minecraft.server.dedicated.DedicatedServer/]: Starting minecraft server version 1.20.1
[05Jun2026 06:13:03.000] [Server thread/INFO] [net.minecraft.server.dedicated.DedicatedServer/]: Loading properties
[05Jun2026 06:13:03.000] [Server thread/INFO] [net.minecraft.server.dedicated.DedicatedServer/]: Default game type: SURVIVAL
[05Jun2026 06:13:03.000] [Server thread/INFO] [net.minecraft.server.MinecraftServer/]: Generating keypair
[05Jun2026 06:13:03.069] [Server thread/INFO] [net.minecraft.server.dedicated.DedicatedServer/]: Starting Minecraft server on *:25566
[05Jun2026 06:13:03.069] [Server thread/DEBUG] [net.minecraftforge.network.DualStackUtils/]: Detected IPv6 address: "0:0:0:0:0:0:0:0"
[05Jun2026 06:13:03.079] [Server thread/INFO] [net.minecraft.server.network.ServerConnectionListener/]: Using default channel type
[05Jun2026 06:13:03.088] [Server thread/DEBUG] [io.netty.channel.MultithreadEventLoopGroup/]: -Dio.netty.eventLoopThreads: 24
[05Jun2026 06:13:03.095] [Server thread/DEBUG] [io.netty.util.internal.InternalThreadLocalMap/]: -Dio.netty.threadLocalMap.stringBuilder.initialSize: 1024
[05Jun2026 06:13:03.095] [Server thread/DEBUG] [io.netty.util.internal.InternalThreadLocalMap/]: -Dio.netty.threadLocalMap.stringBuilder.maxSize: 4096
[05Jun2026 06:13:03.099] [Server thread/DEBUG] [io.netty.channel.nio.NioEventLoop/]: -Dio.netty.noKeySetOptimization: false
[05Jun2026 06:13:03.099] [Server thread/DEBUG] [io.netty.channel.nio.NioEventLoop/]: -Dio.netty.selectorAutoRebuildThreshold: 512
[05Jun2026 06:13:03.102] [Server thread/DEBUG] [io.netty.util.internal.PlatformDependent/]: org.jctools-core.MpscChunkedArrayQueue: available
[05Jun2026 06:13:03.133] [Server thread/DEBUG] [io.netty.channel.DefaultChannelId/]: -Dio.netty.processId: 15648 (auto-detected)
[05Jun2026 06:13:03.134] [Server thread/DEBUG] [io.netty.util.NetUtil/]: -Djava.net.preferIPv4Stack: false
[05Jun2026 06:13:03.134] [Server thread/DEBUG] [io.netty.util.NetUtil/]: -Djava.net.preferIPv6Addresses: true
[05Jun2026 06:13:03.139] [Server thread/DEBUG] [io.netty.util.NetUtilInitializations/]: Loopback interface: lo (Software Loopback Interface 1, 127.0.0.1)
[05Jun2026 06:13:03.141] [Server thread/DEBUG] [io.netty.util.NetUtil/]: Failed to get SOMAXCONN from sysctl and file \proc\sys\net\core\somaxconn. Default: 200
[05Jun2026 06:13:03.150] [Server thread/DEBUG] [io.netty.channel.DefaultChannelId/]: -Dio.netty.machineId: a8:a1:59:ff:fe:b3:b1:73 (auto-detected)
[05Jun2026 06:13:03.167] [Server thread/DEBUG] [io.netty.buffer.PooledByteBufAllocator/]: -Dio.netty.allocator.numHeapArenas: 24
[05Jun2026 06:13:03.167] [Server thread/DEBUG] [io.netty.buffer.PooledByteBufAllocator/]: -Dio.netty.allocator.numDirectArenas: 24
[05Jun2026 06:13:03.167] [Server thread/DEBUG] [io.netty.buffer.PooledByteBufAllocator/]: -Dio.netty.allocator.pageSize: 8192
[05Jun2026 06:13:03.167] [Server thread/DEBUG] [io.netty.buffer.PooledByteBufAllocator/]: -Dio.netty.allocator.maxOrder: 9
[05Jun2026 06:13:03.167] [Server thread/DEBUG] [io.netty.buffer.PooledByteBufAllocator/]: -Dio.netty.allocator.chunkSize: 4194304
[05Jun2026 06:13:03.167] [Server thread/DEBUG] [io.netty.buffer.PooledByteBufAllocator/]: -Dio.netty.allocator.smallCacheSize: 256
[05Jun2026 06:13:03.167] [Server thread/DEBUG] [io.netty.buffer.PooledByteBufAllocator/]: -Dio.netty.allocator.normalCacheSize: 64
[05Jun2026 06:13:03.167] [Server thread/DEBUG] [io.netty.buffer.PooledByteBufAllocator/]: -Dio.netty.allocator.maxCachedBufferCapacity: 32768
[05Jun2026 06:13:03.167] [Server thread/DEBUG] [io.netty.buffer.PooledByteBufAllocator/]: -Dio.netty.allocator.cacheTrimInterval: 8192
[05Jun2026 06:13:03.167] [Server thread/DEBUG] [io.netty.buffer.PooledByteBufAllocator/]: -Dio.netty.allocator.cacheTrimIntervalMillis: 0
[05Jun2026 06:13:03.167] [Server thread/DEBUG] [io.netty.buffer.PooledByteBufAllocator/]: -Dio.netty.allocator.useCacheForAllThreads: false
[05Jun2026 06:13:03.167] [Server thread/DEBUG] [io.netty.buffer.PooledByteBufAllocator/]: -Dio.netty.allocator.maxCachedByteBuffersPerChunk: 1023
[05Jun2026 06:13:03.176] [Server thread/DEBUG] [io.netty.buffer.ByteBufUtil/]: -Dio.netty.allocator.type: pooled
[05Jun2026 06:13:03.176] [Server thread/DEBUG] [io.netty.buffer.ByteBufUtil/]: -Dio.netty.threadLocalDirectBufferSize: 0
[05Jun2026 06:13:03.176] [Server thread/DEBUG] [io.netty.buffer.ByteBufUtil/]: -Dio.netty.maxThreadLocalCharBufferSize: 16384
[05Jun2026 06:13:03.193] [Server thread/DEBUG] [net.minecraftforge.fml.config.ConfigTracker/CONFIG]: Loading configs type SERVER
[05Jun2026 06:13:03.194] [Server thread/DEBUG] [net.minecraftforge.fml.config.ConfigFileTypeHandler/CONFIG]: Built TOML config for .\world\serverconfig\epicfight-server.toml
[05Jun2026 06:13:03.194] [Server thread/INFO] [net.minecraftforge.fml.config.ConfigFileTypeHandler/CONFIG]: Loading default config file from path C:\Users\El Hadji\Downloads\STAT_MOD\SIHRIYA\run-clean\defaultconfigs\epicfight-server.toml
[05Jun2026 06:13:03.198] [Server thread/DEBUG] [net.minecraftforge.fml.config.ConfigFileTypeHandler/CONFIG]: Loaded TOML config file .\world\serverconfig\epicfight-server.toml
[05Jun2026 06:13:03.199] [Server thread/DEBUG] [net.minecraftforge.fml.config.ConfigFileTypeHandler/CONFIG]: Watching TOML config file .\world\serverconfig\epicfight-server.toml for changes
[05Jun2026 06:13:03.200] [Thread-1/DEBUG] [net.minecraftforge.fml.config.ConfigFileTypeHandler/CONFIG]: Config file epicfight-server.toml changed, sending notifies
[05Jun2026 06:13:03.200] [Server thread/DEBUG] [net.minecraftforge.fml.config.ConfigFileTypeHandler/CONFIG]: Built TOML config for .\world\serverconfig\forge-server.toml
[05Jun2026 06:13:03.200] [Server thread/INFO] [net.minecraftforge.fml.config.ConfigFileTypeHandler/CONFIG]: Loading default config file from path C:\Users\El Hadji\Downloads\STAT_MOD\SIHRIYA\run-clean\defaultconfigs\forge-server.toml
[05Jun2026 06:13:03.202] [Thread-1/DEBUG] [net.minecraftforge.fml.config.ConfigFileTypeHandler/CONFIG]: Config file epicfight-server.toml changed, sending notifies
[05Jun2026 06:13:03.204] [Server thread/DEBUG] [net.minecraftforge.fml.config.ConfigFileTypeHandler/CONFIG]: Loaded TOML config file .\world\serverconfig\forge-server.toml
[05Jun2026 06:13:03.204] [Server thread/DEBUG] [net.minecraftforge.fml.config.ConfigFileTypeHandler/CONFIG]: Watching TOML config file .\world\serverconfig\forge-server.toml for changes
[05Jun2026 06:13:03.205] [Server thread/DEBUG] [net.minecraftforge.common.ForgeConfig/FORGEMOD]: Loaded forge config file forge-server.toml
[05Jun2026 06:13:03.224] [Server thread/INFO] [net.minecraft.server.dedicated.DedicatedServer/]: Preparing level "world"
[05Jun2026 06:13:03.229] [Server thread/DEBUG] [net.minecraftforge.coremod.transformer.CoreModBaseTransformer/COREMOD]: Transforming net/minecraft/world/level/levelgen/PhantomSpawner
[05Jun2026 06:13:03.232] [Server thread/DEBUG] [net.minecraftforge.coremod.transformer.CoreModBaseTransformer/COREMOD]: Transforming net/minecraft/world/level/levelgen/PatrolSpawner
[05Jun2026 06:13:03.235] [Server thread/DEBUG] [net.minecraftforge.coremod.transformer.CoreModBaseTransformer/COREMOD]: Transforming net/minecraft/world/entity/npc/CatSpawner
[05Jun2026 06:13:03.238] [Server thread/DEBUG] [net.minecraftforge.coremod.transformer.CoreModBaseTransformer/COREMOD]: Transforming net/minecraft/world/entity/ai/village/VillageSiege
[05Jun2026 06:13:03.253] [Server thread/DEBUG] [mixin/]: Mixing common.MixinDamageSources from mixins.epicfight.json into net.minecraft.world.damagesource.DamageSources
[05Jun2026 06:13:04.268] [Worker-Main-8/DEBUG] [net.minecraftforge.coremod.transformer.CoreModBaseTransformer/COREMOD]: Transforming net/minecraft/world/level/levelgen/structure/templatesystem/StructureTemplate
[05Jun2026 06:13:05.323] [Worker-Main-6/DEBUG] [net.minecraftforge.coremod.transformer.CoreModBaseTransformer/COREMOD]: Transforming net/minecraft/world/level/NaturalSpawner
[05Jun2026 06:13:05.379] [Server thread/INFO] [net.minecraft.server.MinecraftServer/]: Preparing start region for dimension minecraft:overworld
[05Jun2026 06:13:05.978] [Worker-Main-8/INFO] [net.minecraft.server.level.progress.LoggerChunkProgressListener/]: Preparing spawn area: 0%
[05Jun2026 06:13:05.980] [Worker-Main-4/INFO] [net.minecraft.server.level.progress.LoggerChunkProgressListener/]: Preparing spawn area: 0%
[05Jun2026 06:13:06.383] [Worker-Main-11/INFO] [net.minecraft.server.level.progress.LoggerChunkProgressListener/]: Preparing spawn area: 0%
[05Jun2026 06:13:06.850] [Worker-Main-3/DEBUG] [io.netty.util.internal.ThreadLocalRandom/]: -Dio.netty.initialSeedUniquifier: 0xcaa9c22f75a9d559
[05Jun2026 06:13:06.880] [Server thread/DEBUG] [io.netty.buffer.AbstractByteBuf/]: -Dio.netty.buffer.checkAccessible: true
[05Jun2026 06:13:06.880] [Server thread/DEBUG] [io.netty.buffer.AbstractByteBuf/]: -Dio.netty.buffer.checkBounds: true
[05Jun2026 06:13:06.881] [Server thread/DEBUG] [io.netty.util.ResourceLeakDetectorFactory/]: Loaded default ResourceLeakDetector: io.netty.util.ResourceLeakDetector@30d58346
[05Jun2026 06:13:06.888] [Worker-Main-4/INFO] [net.minecraft.server.level.progress.LoggerChunkProgressListener/]: Preparing spawn area: 1%
[05Jun2026 06:13:07.381] [Worker-Main-7/INFO] [net.minecraft.server.level.progress.LoggerChunkProgressListener/]: Preparing spawn area: 3%
[05Jun2026 06:13:07.881] [Worker-Main-2/INFO] [net.minecraft.server.level.progress.LoggerChunkProgressListener/]: Preparing spawn area: 6%
[05Jun2026 06:13:08.413] [Worker-Main-3/INFO] [net.minecraft.server.level.progress.LoggerChunkProgressListener/]: Preparing spawn area: 9%
[05Jun2026 06:13:08.882] [Worker-Main-1/INFO] [net.minecraft.server.level.progress.LoggerChunkProgressListener/]: Preparing spawn area: 12%
[05Jun2026 06:13:09.380] [Worker-Main-9/INFO] [net.minecraft.server.level.progress.LoggerChunkProgressListener/]: Preparing spawn area: 16%
[05Jun2026 06:13:09.883] [Worker-Main-9/INFO] [net.minecraft.server.level.progress.LoggerChunkProgressListener/]: Preparing spawn area: 20%
[05Jun2026 06:13:10.380] [Worker-Main-2/INFO] [net.minecraft.server.level.progress.LoggerChunkProgressListener/]: Preparing spawn area: 25%
[05Jun2026 06:13:10.881] [Worker-Main-1/INFO] [net.minecraft.server.level.progress.LoggerChunkProgressListener/]: Preparing spawn area: 30%
[05Jun2026 06:13:11.383] [Worker-Main-6/INFO] [net.minecraft.server.level.progress.LoggerChunkProgressListener/]: Preparing spawn area: 34%
[05Jun2026 06:13:11.885] [Worker-Main-5/INFO] [net.minecraft.server.level.progress.LoggerChunkProgressListener/]: Preparing spawn area: 37%
[05Jun2026 06:13:12.386] [Worker-Main-11/INFO] [net.minecraft.server.level.progress.LoggerChunkProgressListener/]: Preparing spawn area: 42%
[05Jun2026 06:13:12.882] [Worker-Main-4/INFO] [net.minecraft.server.level.progress.LoggerChunkProgressListener/]: Preparing spawn area: 47%
[05Jun2026 06:13:13.386] [Worker-Main-10/INFO] [net.minecraft.server.level.progress.LoggerChunkProgressListener/]: Preparing spawn area: 52%
[05Jun2026 06:13:13.880] [Worker-Main-1/INFO] [net.minecraft.server.level.progress.LoggerChunkProgressListener/]: Preparing spawn area: 57%
[05Jun2026 06:13:14.381] [Worker-Main-3/INFO] [net.minecraft.server.level.progress.LoggerChunkProgressListener/]: Preparing spawn area: 62%
[05Jun2026 06:13:14.881] [Worker-Main-1/INFO] [net.minecraft.server.level.progress.LoggerChunkProgressListener/]: Preparing spawn area: 68%
[05Jun2026 06:13:16.184] [Worker-Main-6/INFO] [net.minecraft.server.level.progress.LoggerChunkProgressListener/]: Preparing spawn area: 71%
[05Jun2026 06:13:16.185] [Worker-Main-7/INFO] [net.minecraft.server.level.progress.LoggerChunkProgressListener/]: Preparing spawn area: 71%
[05Jun2026 06:13:16.386] [Worker-Main-5/INFO] [net.minecraft.server.level.progress.LoggerChunkProgressListener/]: Preparing spawn area: 72%
[05Jun2026 06:13:16.886] [Worker-Main-10/INFO] [net.minecraft.server.level.progress.LoggerChunkProgressListener/]: Preparing spawn area: 77%
[05Jun2026 06:13:17.387] [Worker-Main-10/INFO] [net.minecraft.server.level.progress.LoggerChunkProgressListener/]: Preparing spawn area: 83%
[05Jun2026 06:13:17.890] [Worker-Main-7/INFO] [net.minecraft.server.level.progress.LoggerChunkProgressListener/]: Preparing spawn area: 87%
[05Jun2026 06:13:18.382] [Worker-Main-3/INFO] [net.minecraft.server.level.progress.LoggerChunkProgressListener/]: Preparing spawn area: 92%
[05Jun2026 06:13:18.859] [Server thread/INFO] [net.minecraft.server.level.progress.LoggerChunkProgressListener/]: Time elapsed: 13480 ms
[05Jun2026 06:13:18.859] [Server thread/INFO] [net.minecraft.server.dedicated.DedicatedServer/]: Done (15.667s)! For help, type "help"
[05Jun2026 06:13:18.866] [Server thread/DEBUG] [net.minecraftforge.network.DualStackUtils/]: Detected IPv6 address: "0:0:0:0:0:0:0:0"
[05Jun2026 06:13:18.873] [Server thread/DEBUG] [net.minecraftforge.common.ForgeI18n/CORE]: Loading I18N data entries: 1150
[05Jun2026 06:13:18.874] [Server thread/INFO] [net.minecraftforge.gametest.ForgeGameTestHooks/]: Enabled Gametest Namespaces: [sihriya]
[05Jun2026 06:13:18.886] [Server thread/INFO] [net.minecraftforge.server.permission.PermissionAPI/]: Successfully initialized permission handler forge:default_handler
[05Jun2026 06:13:18.887] [Server thread/INFO] [statmod/]: STAT Mod ready on server
[05Jun2026 06:13:18.939] [Server thread/INFO] [statmod/]: Random bonus XP event started
